row_id,Class
0,AGGRESSIVE
1,NORMAL
2,AGGRESSIVE
3,AGGRESSIVE
4,AGGRESSIVE
5,AGGRESSIVE
6,SLOW
7,NORMAL
8,SLOW
9,SLOW
10,SLOW
11,NORMAL
12,SLOW
13,SLOW
14,AGGRESSIVE
15,AGGRESSIVE
16,NORMAL
17,AGGRESSIVE
18,AGGRESSIVE
19,NORMAL
20,SLOW
21,NORMAL
22,SLOW
23,NORMAL
24,NORMAL
25,NORMAL
26,NORMAL
27,SLOW
28,SLOW
29,NORMAL
30,NORMAL
31,NORMAL
32,SLOW
33,SLOW
34,NORMAL
35,SLOW
36,SLOW
37,SLOW
38,SLOW
39,SLOW
40,SLOW
41,SLOW
42,NORMAL
43,NORMAL
44,SLOW
45,AGGRESSIVE
46,SLOW
47,SLOW
48,SLOW
49,NORMAL
50,NORMAL
51,SLOW
52,NORMAL
53,SLOW
54,SLOW
55,NORMAL
56,SLOW
57,SLOW
58,NORMAL
59,SLOW
60,NORMAL
61,SLOW
62,SLOW
63,SLOW
64,SLOW
65,NORMAL
66,AGGRESSIVE
67,SLOW
68,SLOW
69,NORMAL
70,NORMAL
71,NORMAL
72,NORMAL
73,SLOW
74,SLOW
75,AGGRESSIVE
76,SLOW
77,SLOW
78,NORMAL
79,SLOW
80,SLOW
81,NORMAL
82,AGGRESSIVE
83,SLOW
84,AGGRESSIVE
85,AGGRESSIVE
86,AGGRESSIVE
87,AGGRESSIVE
88,SLOW
89,SLOW
90,SLOW
91,SLOW
92,SLOW
93,AGGRESSIVE
94,SLOW
95,AGGRESSIVE
96,SLOW
97,AGGRESSIVE
98,SLOW
99,NORMAL
100,AGGRESSIVE
101,SLOW
102,SLOW
103,AGGRESSIVE
104,SLOW
105,SLOW
106,AGGRESSIVE
107,AGGRESSIVE
108,NORMAL
109,SLOW
110,SLOW
111,SLOW
112,AGGRESSIVE
113,AGGRESSIVE
114,AGGRESSIVE
115,SLOW
116,SLOW
117,SLOW
118,NORMAL
119,AGGRESSIVE
120,AGGRESSIVE
121,NORMAL
122,SLOW
123,AGGRESSIVE
124,SLOW
125,NORMAL
126,AGGRESSIVE
127,NORMAL
128,NORMAL
129,NORMAL
130,AGGRESSIVE
131,AGGRESSIVE
132,AGGRESSIVE
133,AGGRESSIVE
134,SLOW
135,AGGRESSIVE
136,AGGRESSIVE
137,NORMAL
138,SLOW
139,NORMAL
140,NORMAL
141,NORMAL
142,NORMAL
143,SLOW
144,SLOW
145,AGGRESSIVE
146,SLOW
147,NORMAL
148,SLOW
149,SLOW
150,NORMAL
151,AGGRESSIVE
152,SLOW
153,SLOW
154,AGGRESSIVE
155,NORMAL
156,NORMAL
157,AGGRESSIVE
158,SLOW
159,NORMAL
160,SLOW
161,SLOW
162,SLOW
163,NORMAL
164,SLOW
165,AGGRESSIVE
166,AGGRESSIVE
167,SLOW
168,SLOW
169,SLOW
170,SLOW
171,SLOW
172,AGGRESSIVE
173,NORMAL
174,AGGRESSIVE
175,AGGRESSIVE
176,AGGRESSIVE
177,AGGRESSIVE
178,SLOW
179,SLOW
180,SLOW
181,NORMAL
182,SLOW
183,AGGRESSIVE
184,AGGRESSIVE
185,NORMAL
186,AGGRESSIVE
187,SLOW
188,NORMAL
189,AGGRESSIVE
190,NORMAL
191,AGGRESSIVE
192,NORMAL
193,AGGRESSIVE
194,AGGRESSIVE
195,SLOW
196,NORMAL
197,SLOW
198,SLOW
199,SLOW
200,AGGRESSIVE
201,AGGRESSIVE
202,AGGRESSIVE
203,AGGRESSIVE
204,NORMAL
205,AGGRESSIVE
206,AGGRESSIVE
207,SLOW
208,SLOW
209,SLOW
210,NORMAL
211,AGGRESSIVE
212,AGGRESSIVE
213,NORMAL
214,AGGRESSIVE
215,AGGRESSIVE
216,NORMAL
217,NORMAL
218,AGGRESSIVE
219,SLOW
220,AGGRESSIVE
221,AGGRESSIVE
222,AGGRESSIVE
223,AGGRESSIVE
224,AGGRESSIVE
225,AGGRESSIVE
226,AGGRESSIVE
227,NORMAL
228,AGGRESSIVE
229,NORMAL
230,NORMAL
231,AGGRESSIVE
232,NORMAL
233,NORMAL
234,SLOW
235,AGGRESSIVE
236,AGGRESSIVE
237,AGGRESSIVE
238,AGGRESSIVE
239,AGGRESSIVE
240,SLOW
241,SLOW
242,SLOW
243,NORMAL
244,NORMAL
245,AGGRESSIVE
246,AGGRESSIVE
247,AGGRESSIVE
248,AGGRESSIVE
249,NORMAL
250,SLOW
251,AGGRESSIVE
252,AGGRESSIVE
253,SLOW
254,AGGRESSIVE
255,NORMAL
256,AGGRESSIVE
257,AGGRESSIVE
258,AGGRESSIVE
259,NORMAL
260,AGGRESSIVE
261,AGGRESSIVE
262,NORMAL
263,SLOW
264,NORMAL
265,SLOW
266,AGGRESSIVE
267,AGGRESSIVE
268,AGGRESSIVE
269,AGGRESSIVE
270,AGGRESSIVE
271,AGGRESSIVE
272,NORMAL
273,SLOW
274,AGGRESSIVE
275,NORMAL
276,NORMAL
277,NORMAL
278,NORMAL
279,SLOW
280,NORMAL
281,AGGRESSIVE
282,AGGRESSIVE
283,NORMAL
284,AGGRESSIVE
285,AGGRESSIVE
286,AGGRESSIVE
287,AGGRESSIVE
288,SLOW
289,AGGRESSIVE
290,AGGRESSIVE
291,AGGRESSIVE
292,AGGRESSIVE
293,AGGRESSIVE
294,SLOW
295,SLOW
296,AGGRESSIVE
297,SLOW
298,AGGRESSIVE
299,AGGRESSIVE
300,AGGRESSIVE
301,AGGRESSIVE
302,AGGRESSIVE
303,AGGRESSIVE
304,AGGRESSIVE
305,AGGRESSIVE
306,AGGRESSIVE
307,AGGRESSIVE
308,AGGRESSIVE
309,NORMAL
310,AGGRESSIVE
311,SLOW
312,NORMAL
313,AGGRESSIVE
314,AGGRESSIVE
315,AGGRESSIVE
316,AGGRESSIVE
317,NORMAL
318,AGGRESSIVE
319,NORMAL
320,AGGRESSIVE
321,NORMAL
322,NORMAL
323,SLOW
324,NORMAL
325,NORMAL
326,SLOW
327,SLOW
328,NORMAL
329,SLOW
330,AGGRESSIVE
331,AGGRESSIVE
332,NORMAL
333,AGGRESSIVE
334,SLOW
335,SLOW
336,AGGRESSIVE
337,SLOW
338,AGGRESSIVE
339,AGGRESSIVE
340,SLOW
341,SLOW
342,SLOW
343,NORMAL
344,NORMAL
345,NORMAL
346,SLOW
347,AGGRESSIVE
348,SLOW
349,SLOW
350,NORMAL
351,SLOW
352,AGGRESSIVE
353,AGGRESSIVE
354,AGGRESSIVE
355,AGGRESSIVE
356,AGGRESSIVE
357,SLOW
358,SLOW
359,AGGRESSIVE
360,AGGRESSIVE
361,SLOW
362,SLOW
363,AGGRESSIVE
364,SLOW
365,AGGRESSIVE
366,NORMAL
367,SLOW
368,AGGRESSIVE
369,SLOW
370,NORMAL
371,AGGRESSIVE
372,SLOW
373,NORMAL
374,SLOW
375,SLOW
376,AGGRESSIVE
377,AGGRESSIVE
378,AGGRESSIVE
379,SLOW
380,AGGRESSIVE
381,SLOW
382,NORMAL
383,SLOW
384,SLOW
385,SLOW
386,NORMAL
387,SLOW
388,NORMAL
389,SLOW
390,SLOW
391,AGGRESSIVE
392,NORMAL
393,NORMAL
394,SLOW
395,NORMAL
396,AGGRESSIVE
397,SLOW
398,AGGRESSIVE
399,AGGRESSIVE
400,NORMAL
401,AGGRESSIVE
402,AGGRESSIVE
403,SLOW
404,SLOW
405,NORMAL
406,SLOW
407,NORMAL
408,SLOW
409,SLOW
410,SLOW
411,NORMAL
412,NORMAL
413,NORMAL
414,AGGRESSIVE
415,AGGRESSIVE
416,AGGRESSIVE
417,SLOW
418,AGGRESSIVE
419,SLOW
420,SLOW
421,SLOW
422,SLOW
423,SLOW
424,SLOW
425,SLOW
426,SLOW
427,SLOW
428,SLOW
429,NORMAL
430,SLOW
431,SLOW
432,SLOW
433,NORMAL
434,NORMAL
435,NORMAL
436,NORMAL
437,SLOW
438,NORMAL
439,SLOW
440,SLOW
441,AGGRESSIVE
442,AGGRESSIVE
443,AGGRESSIVE
444,AGGRESSIVE
445,NORMAL
446,SLOW
447,SLOW
448,AGGRESSIVE
449,SLOW
450,SLOW
451,NORMAL
452,AGGRESSIVE
453,AGGRESSIVE
454,SLOW
455,SLOW
456,AGGRESSIVE
457,AGGRESSIVE
458,NORMAL
459,NORMAL
460,SLOW
461,SLOW
462,AGGRESSIVE
463,SLOW
464,NORMAL
465,SLOW
466,AGGRESSIVE
467,AGGRESSIVE
468,AGGRESSIVE
469,AGGRESSIVE
470,AGGRESSIVE
471,AGGRESSIVE
472,AGGRESSIVE
473,SLOW
474,NORMAL
475,NORMAL
476,SLOW
477,SLOW
478,AGGRESSIVE
479,SLOW
480,SLOW
481,SLOW
482,AGGRESSIVE
483,SLOW
484,NORMAL
485,NORMAL
486,AGGRESSIVE
487,AGGRESSIVE
488,AGGRESSIVE
489,AGGRESSIVE
490,SLOW
491,NORMAL
492,SLOW
493,SLOW
494,AGGRESSIVE
495,NORMAL
496,SLOW
497,SLOW
498,SLOW
499,NORMAL
500,AGGRESSIVE
501,SLOW
502,NORMAL
503,NORMAL
504,AGGRESSIVE
505,SLOW
506,SLOW
507,NORMAL
508,SLOW
509,SLOW
510,AGGRESSIVE
511,SLOW
512,NORMAL
513,NORMAL
514,AGGRESSIVE
515,NORMAL
516,AGGRESSIVE
517,SLOW
518,SLOW
519,AGGRESSIVE
520,SLOW
521,SLOW
522,NORMAL
523,AGGRESSIVE
524,SLOW
525,AGGRESSIVE
526,SLOW
527,AGGRESSIVE
528,AGGRESSIVE
529,AGGRESSIVE
530,AGGRESSIVE
531,NORMAL
532,AGGRESSIVE
533,AGGRESSIVE
534,AGGRESSIVE
535,AGGRESSIVE
536,NORMAL
537,AGGRESSIVE
538,AGGRESSIVE
539,AGGRESSIVE
540,NORMAL
541,SLOW
542,NORMAL
543,SLOW
544,SLOW
545,SLOW
546,AGGRESSIVE
547,AGGRESSIVE
548,AGGRESSIVE
549,AGGRESSIVE
550,AGGRESSIVE
551,NORMAL
552,AGGRESSIVE
553,AGGRESSIVE
554,AGGRESSIVE
555,AGGRESSIVE
556,AGGRESSIVE
557,AGGRESSIVE
558,AGGRESSIVE
559,AGGRESSIVE
560,AGGRESSIVE
561,AGGRESSIVE
562,AGGRESSIVE
563,AGGRESSIVE
564,AGGRESSIVE
565,NORMAL
566,SLOW
567,NORMAL
568,NORMAL
569,NORMAL
570,NORMAL
571,AGGRESSIVE
572,AGGRESSIVE
573,AGGRESSIVE
574,AGGRESSIVE
575,AGGRESSIVE
576,SLOW
577,AGGRESSIVE
578,AGGRESSIVE
579,NORMAL
580,AGGRESSIVE
581,AGGRESSIVE
582,AGGRESSIVE
583,AGGRESSIVE
584,AGGRESSIVE
585,AGGRESSIVE
586,AGGRESSIVE
587,AGGRESSIVE
588,AGGRESSIVE
589,AGGRESSIVE
590,AGGRESSIVE
591,AGGRESSIVE
592,AGGRESSIVE
593,AGGRESSIVE
594,AGGRESSIVE
595,AGGRESSIVE
596,NORMAL
597,AGGRESSIVE
598,NORMAL
599,NORMAL
600,SLOW
601,AGGRESSIVE
602,AGGRESSIVE
603,AGGRESSIVE
604,AGGRESSIVE
605,AGGRESSIVE
606,AGGRESSIVE
607,AGGRESSIVE
608,AGGRESSIVE
609,AGGRESSIVE
610,NORMAL
611,AGGRESSIVE
612,AGGRESSIVE
613,SLOW
614,NORMAL
615,NORMAL
616,AGGRESSIVE
617,SLOW
618,SLOW
619,SLOW
620,SLOW
621,NORMAL
622,SLOW
623,SLOW
624,SLOW
625,AGGRESSIVE
626,AGGRESSIVE
627,SLOW
628,AGGRESSIVE
629,AGGRESSIVE
630,AGGRESSIVE
631,NORMAL
632,SLOW
633,AGGRESSIVE
634,AGGRESSIVE
635,AGGRESSIVE
636,NORMAL
637,AGGRESSIVE
638,AGGRESSIVE
639,AGGRESSIVE
640,AGGRESSIVE
641,NORMAL
642,SLOW
643,SLOW
644,AGGRESSIVE
645,NORMAL
646,NORMAL
647,AGGRESSIVE
648,AGGRESSIVE
649,SLOW
650,AGGRESSIVE
651,NORMAL
652,AGGRESSIVE
653,SLOW
654,AGGRESSIVE
655,NORMAL
656,AGGRESSIVE
657,AGGRESSIVE
658,AGGRESSIVE
659,AGGRESSIVE
660,AGGRESSIVE
661,AGGRESSIVE
662,NORMAL
663,SLOW
664,AGGRESSIVE
665,AGGRESSIVE
666,SLOW
667,NORMAL
668,NORMAL
669,AGGRESSIVE
670,AGGRESSIVE
671,SLOW
672,SLOW
673,NORMAL
674,NORMAL
675,AGGRESSIVE
676,NORMAL
677,NORMAL
678,NORMAL
679,NORMAL
680,AGGRESSIVE
681,NORMAL
682,SLOW
683,SLOW
684,SLOW
685,SLOW
686,SLOW
687,NORMAL
688,AGGRESSIVE
689,SLOW
690,AGGRESSIVE
691,NORMAL
692,SLOW
693,NORMAL
694,AGGRESSIVE
695,SLOW
696,NORMAL
697,NORMAL
698,SLOW
699,SLOW
700,AGGRESSIVE
701,AGGRESSIVE
702,SLOW
703,SLOW
704,SLOW
705,SLOW
706,SLOW
707,SLOW
708,SLOW
709,SLOW
710,SLOW
711,AGGRESSIVE
712,AGGRESSIVE
713,SLOW
714,AGGRESSIVE
715,NORMAL
716,NORMAL
717,NORMAL
718,SLOW
719,AGGRESSIVE
720,NORMAL
721,SLOW
722,SLOW
723,AGGRESSIVE
724,AGGRESSIVE
725,AGGRESSIVE
726,AGGRESSIVE
727,AGGRESSIVE
728,AGGRESSIVE
729,AGGRESSIVE
730,AGGRESSIVE
731,AGGRESSIVE
732,AGGRESSIVE
733,AGGRESSIVE
734,AGGRESSIVE
735,AGGRESSIVE
736,AGGRESSIVE
737,SLOW
738,SLOW
739,SLOW
740,NORMAL
741,AGGRESSIVE
742,AGGRESSIVE
743,SLOW
744,AGGRESSIVE
745,AGGRESSIVE
746,SLOW
747,SLOW
748,AGGRESSIVE
749,AGGRESSIVE
750,AGGRESSIVE
751,AGGRESSIVE
752,SLOW
753,SLOW
754,SLOW
755,SLOW
756,NORMAL
757,NORMAL
758,AGGRESSIVE
759,NORMAL
760,AGGRESSIVE
761,SLOW
762,AGGRESSIVE
763,NORMAL
764,NORMAL
765,SLOW
766,SLOW
767,NORMAL
768,SLOW
769,SLOW
770,SLOW
771,AGGRESSIVE
772,SLOW
773,SLOW
774,NORMAL
775,SLOW
776,SLOW
777,NORMAL
778,AGGRESSIVE
779,NORMAL
780,NORMAL
781,NORMAL
782,NORMAL
783,NORMAL
784,NORMAL
785,NORMAL
786,NORMAL
787,SLOW
788,NORMAL
789,NORMAL
790,SLOW
791,NORMAL
792,NORMAL
793,NORMAL
794,NORMAL
795,AGGRESSIVE
796,SLOW
797,AGGRESSIVE
798,NORMAL
799,SLOW
800,NORMAL
801,AGGRESSIVE
802,NORMAL
803,NORMAL
804,NORMAL
805,AGGRESSIVE
806,AGGRESSIVE
807,AGGRESSIVE
808,NORMAL
809,AGGRESSIVE
810,AGGRESSIVE
811,AGGRESSIVE
812,AGGRESSIVE
813,SLOW
814,SLOW
815,AGGRESSIVE
816,SLOW
817,NORMAL
818,SLOW
819,NORMAL
820,NORMAL
821,NORMAL
822,AGGRESSIVE
823,NORMAL
824,SLOW
825,NORMAL
826,NORMAL
827,SLOW
828,NORMAL
829,SLOW
830,SLOW
831,NORMAL
832,SLOW
833,SLOW
834,SLOW
835,SLOW
836,NORMAL
837,NORMAL
838,SLOW
839,SLOW
840,SLOW
841,NORMAL
842,SLOW
843,NORMAL
844,SLOW
845,SLOW
846,SLOW
847,SLOW
848,SLOW
849,SLOW
850,SLOW
851,NORMAL
852,SLOW
853,NORMAL
854,NORMAL
855,NORMAL
856,NORMAL
857,NORMAL
858,NORMAL
859,NORMAL
860,SLOW
861,SLOW
862,NORMAL
863,NORMAL
864,SLOW
865,AGGRESSIVE
866,SLOW
867,SLOW
868,SLOW
869,NORMAL
870,NORMAL
871,AGGRESSIVE
872,SLOW
873,AGGRESSIVE
874,AGGRESSIVE
875,NORMAL
876,NORMAL
877,SLOW
878,SLOW
879,SLOW
880,NORMAL
881,SLOW
882,SLOW
883,SLOW
884,SLOW
885,SLOW
886,SLOW
887,SLOW
888,NORMAL
889,AGGRESSIVE
890,NORMAL
891,AGGRESSIVE
892,NORMAL
893,AGGRESSIVE
894,AGGRESSIVE
895,SLOW
896,SLOW
897,SLOW
898,SLOW
899,SLOW
900,AGGRESSIVE
901,AGGRESSIVE
902,NORMAL
903,SLOW
904,SLOW
905,NORMAL
906,SLOW
907,SLOW
908,AGGRESSIVE
909,SLOW
910,AGGRESSIVE
911,NORMAL
912,NORMAL
913,NORMAL
914,SLOW
915,SLOW
916,NORMAL
917,NORMAL
918,AGGRESSIVE
919,SLOW
920,NORMAL
921,SLOW
922,NORMAL
923,SLOW
924,NORMAL
925,NORMAL
926,SLOW
927,SLOW
928,AGGRESSIVE
929,SLOW
930,AGGRESSIVE
931,NORMAL
932,SLOW
933,SLOW
934,SLOW
935,SLOW
936,SLOW
937,SLOW
938,SLOW
939,NORMAL
940,AGGRESSIVE
941,SLOW
942,SLOW
943,SLOW
944,SLOW
945,SLOW
946,SLOW
947,SLOW
948,NORMAL
949,NORMAL
950,SLOW
951,SLOW
952,SLOW
953,NORMAL
954,SLOW
955,SLOW
956,NORMAL
957,NORMAL
958,NORMAL
959,NORMAL
960,NORMAL
961,NORMAL
962,SLOW
963,SLOW
964,NORMAL
965,AGGRESSIVE
966,SLOW
967,SLOW
968,SLOW
969,NORMAL
970,SLOW
971,NORMAL
972,SLOW
973,AGGRESSIVE
974,SLOW
975,AGGRESSIVE
976,SLOW
977,SLOW
978,SLOW
979,AGGRESSIVE
980,AGGRESSIVE
981,SLOW
982,AGGRESSIVE
983,SLOW
984,SLOW
985,NORMAL
986,SLOW
987,SLOW
988,AGGRESSIVE
989,NORMAL
990,SLOW
991,NORMAL
992,SLOW
993,NORMAL
994,AGGRESSIVE
995,NORMAL
996,SLOW
997,NORMAL
998,NORMAL
999,NORMAL
1000,NORMAL
1001,NORMAL
1002,AGGRESSIVE
1003,AGGRESSIVE
1004,SLOW
1005,NORMAL
1006,AGGRESSIVE
1007,AGGRESSIVE
1008,AGGRESSIVE
1009,NORMAL
1010,AGGRESSIVE
1011,SLOW
1012,SLOW
1013,SLOW
1014,SLOW
1015,SLOW
1016,SLOW
1017,SLOW
1018,AGGRESSIVE
1019,SLOW
1020,AGGRESSIVE
1021,AGGRESSIVE
1022,AGGRESSIVE
1023,NORMAL
1024,NORMAL
1025,AGGRESSIVE
1026,SLOW
1027,NORMAL
1028,AGGRESSIVE
1029,NORMAL
1030,AGGRESSIVE
1031,NORMAL
1032,SLOW
1033,AGGRESSIVE
1034,NORMAL
1035,SLOW
1036,NORMAL
1037,AGGRESSIVE
1038,NORMAL
1039,NORMAL
1040,SLOW
1041,SLOW
1042,NORMAL
1043,AGGRESSIVE
1044,AGGRESSIVE
1045,NORMAL
1046,AGGRESSIVE
1047,AGGRESSIVE
1048,AGGRESSIVE
1049,AGGRESSIVE
1050,NORMAL
1051,AGGRESSIVE
1052,SLOW
1053,AGGRESSIVE
1054,NORMAL
1055,AGGRESSIVE
1056,AGGRESSIVE
1057,SLOW
1058,SLOW
1059,SLOW
1060,AGGRESSIVE
1061,NORMAL
1062,AGGRESSIVE
1063,AGGRESSIVE
1064,AGGRESSIVE
1065,AGGRESSIVE
1066,AGGRESSIVE
1067,SLOW
1068,SLOW
1069,AGGRESSIVE
1070,SLOW
1071,NORMAL
1072,AGGRESSIVE
1073,AGGRESSIVE
1074,SLOW
1075,NORMAL
1076,NORMAL
1077,NORMAL
1078,NORMAL
1079,AGGRESSIVE
1080,SLOW
1081,NORMAL
1082,SLOW
1083,NORMAL
1084,NORMAL
1085,AGGRESSIVE
1086,SLOW
1087,AGGRESSIVE
1088,AGGRESSIVE
1089,AGGRESSIVE
1090,SLOW
1091,NORMAL
1092,AGGRESSIVE
1093,SLOW
1094,AGGRESSIVE
1095,SLOW
1096,SLOW
1097,SLOW
1098,NORMAL
1099,AGGRESSIVE
1100,AGGRESSIVE
1101,AGGRESSIVE
1102,AGGRESSIVE
1103,AGGRESSIVE
1104,SLOW
1105,AGGRESSIVE
1106,AGGRESSIVE
1107,AGGRESSIVE
1108,AGGRESSIVE
1109,AGGRESSIVE
1110,AGGRESSIVE
1111,AGGRESSIVE
1112,SLOW
1113,AGGRESSIVE
1114,AGGRESSIVE
1115,NORMAL
1116,AGGRESSIVE
1117,AGGRESSIVE
1118,SLOW
1119,NORMAL
1120,NORMAL
1121,NORMAL
1122,AGGRESSIVE
1123,NORMAL
1124,NORMAL
1125,SLOW
1126,AGGRESSIVE
1127,NORMAL
1128,AGGRESSIVE
1129,SLOW
1130,AGGRESSIVE
1131,AGGRESSIVE
1132,AGGRESSIVE
1133,AGGRESSIVE
1134,SLOW
1135,AGGRESSIVE
1136,AGGRESSIVE
1137,AGGRESSIVE
1138,AGGRESSIVE
1139,AGGRESSIVE
1140,AGGRESSIVE
1141,AGGRESSIVE
1142,AGGRESSIVE
1143,AGGRESSIVE
1144,AGGRESSIVE
1145,SLOW
1146,NORMAL
1147,SLOW
1148,AGGRESSIVE
1149,NORMAL
1150,AGGRESSIVE
1151,AGGRESSIVE
1152,SLOW
1153,AGGRESSIVE
1154,AGGRESSIVE
1155,AGGRESSIVE
1156,SLOW
1157,NORMAL
1158,SLOW
1159,AGGRESSIVE
1160,AGGRESSIVE
1161,AGGRESSIVE
1162,NORMAL
1163,SLOW
1164,SLOW
1165,AGGRESSIVE
1166,SLOW
1167,SLOW
1168,AGGRESSIVE
1169,NORMAL
1170,SLOW
1171,SLOW
1172,AGGRESSIVE
1173,SLOW
1174,AGGRESSIVE
1175,NORMAL
1176,AGGRESSIVE
1177,AGGRESSIVE
1178,NORMAL
1179,NORMAL
1180,SLOW
1181,SLOW
1182,NORMAL
1183,AGGRESSIVE
1184,AGGRESSIVE
1185,SLOW
1186,NORMAL
1187,NORMAL
1188,AGGRESSIVE
1189,SLOW
1190,SLOW
1191,AGGRESSIVE
1192,SLOW
1193,SLOW
1194,NORMAL
1195,SLOW
1196,AGGRESSIVE
1197,NORMAL
1198,SLOW
1199,SLOW
1200,SLOW
1201,SLOW
1202,SLOW
1203,NORMAL
1204,SLOW
1205,SLOW
1206,SLOW
1207,SLOW
1208,AGGRESSIVE
1209,SLOW
1210,NORMAL
1211,NORMAL
1212,NORMAL
1213,SLOW
1214,AGGRESSIVE
1215,SLOW
1216,AGGRESSIVE
1217,SLOW
1218,SLOW
1219,NORMAL
1220,SLOW
1221,SLOW
1222,SLOW
1223,SLOW
1224,SLOW
1225,NORMAL
1226,SLOW
1227,AGGRESSIVE
1228,NORMAL
1229,AGGRESSIVE
1230,NORMAL
1231,NORMAL
1232,NORMAL
1233,NORMAL
1234,SLOW
1235,NORMAL
1236,SLOW
1237,NORMAL
1238,AGGRESSIVE
1239,SLOW
1240,SLOW
1241,NORMAL
1242,SLOW
1243,SLOW
1244,SLOW
1245,SLOW
1246,NORMAL
1247,SLOW
1248,NORMAL
1249,NORMAL
1250,SLOW
1251,NORMAL
1252,NORMAL
1253,SLOW
1254,SLOW
1255,SLOW
1256,SLOW
1257,SLOW
1258,SLOW
1259,SLOW
1260,SLOW
1261,SLOW
1262,SLOW
1263,SLOW
1264,SLOW
1265,SLOW
1266,AGGRESSIVE
1267,AGGRESSIVE
1268,NORMAL
1269,SLOW
1270,SLOW
1271,NORMAL
1272,AGGRESSIVE
1273,AGGRESSIVE
1274,AGGRESSIVE
1275,AGGRESSIVE
1276,AGGRESSIVE
1277,AGGRESSIVE
1278,NORMAL
1279,SLOW
1280,SLOW
1281,SLOW
1282,NORMAL
1283,NORMAL
1284,NORMAL
1285,NORMAL
1286,AGGRESSIVE
1287,AGGRESSIVE
1288,SLOW
1289,SLOW
1290,SLOW
1291,SLOW
1292,SLOW
1293,AGGRESSIVE
1294,AGGRESSIVE
1295,SLOW
1296,SLOW
1297,NORMAL
1298,SLOW
1299,SLOW
1300,SLOW
1301,SLOW
1302,SLOW
1303,SLOW
1304,SLOW
1305,SLOW
1306,SLOW
1307,SLOW
1308,NORMAL
1309,AGGRESSIVE
1310,SLOW
1311,SLOW
1312,NORMAL
1313,NORMAL
1314,AGGRESSIVE
1315,SLOW
1316,SLOW
1317,SLOW
1318,AGGRESSIVE
1319,SLOW
1320,SLOW
1321,SLOW
1322,SLOW
1323,SLOW
1324,SLOW
1325,NORMAL
1326,SLOW
1327,NORMAL
1328,SLOW
1329,NORMAL
1330,AGGRESSIVE
1331,SLOW
1332,SLOW
1333,SLOW
1334,SLOW
1335,SLOW
1336,NORMAL
1337,SLOW
1338,SLOW
1339,SLOW
1340,SLOW
1341,SLOW
1342,SLOW
1343,NORMAL
1344,NORMAL
1345,SLOW
1346,SLOW
1347,SLOW
1348,SLOW
1349,SLOW
1350,SLOW
1351,SLOW
1352,SLOW
1353,AGGRESSIVE
1354,SLOW
1355,SLOW
1356,SLOW
1357,AGGRESSIVE
1358,SLOW
1359,SLOW
1360,NORMAL
1361,SLOW
1362,SLOW
1363,SLOW
1364,NORMAL
1365,SLOW
1366,AGGRESSIVE
1367,AGGRESSIVE
1368,AGGRESSIVE
1369,SLOW
1370,AGGRESSIVE
1371,AGGRESSIVE
1372,NORMAL
1373,SLOW
1374,NORMAL
1375,SLOW
1376,NORMAL
1377,AGGRESSIVE
1378,SLOW
1379,SLOW
1380,SLOW
1381,AGGRESSIVE
1382,SLOW
1383,SLOW
1384,SLOW
1385,SLOW
1386,NORMAL
1387,NORMAL
1388,AGGRESSIVE
1389,NORMAL
1390,SLOW
1391,NORMAL
1392,SLOW
1393,NORMAL
1394,SLOW
1395,NORMAL
1396,NORMAL
1397,SLOW
1398,NORMAL
1399,NORMAL
1400,SLOW
1401,NORMAL
1402,NORMAL
1403,SLOW
1404,NORMAL
1405,NORMAL
1406,NORMAL
1407,NORMAL
1408,SLOW
1409,NORMAL
1410,SLOW
1411,AGGRESSIVE
1412,SLOW
1413,NORMAL
1414,SLOW
1415,SLOW
1416,NORMAL
1417,SLOW
1418,NORMAL
1419,AGGRESSIVE
1420,AGGRESSIVE
1421,NORMAL
1422,NORMAL
1423,AGGRESSIVE
1424,AGGRESSIVE
1425,NORMAL
1426,SLOW
1427,NORMAL
1428,SLOW
1429,NORMAL
1430,SLOW
1431,AGGRESSIVE
1432,SLOW
1433,AGGRESSIVE
1434,AGGRESSIVE
1435,AGGRESSIVE
1436,NORMAL
1437,NORMAL
1438,SLOW
1439,SLOW
1440,SLOW
1441,AGGRESSIVE
1442,SLOW
1443,NORMAL
1444,AGGRESSIVE
1445,SLOW
1446,NORMAL
1447,SLOW
1448,NORMAL
1449,AGGRESSIVE
1450,SLOW
1451,NORMAL
1452,NORMAL
1453,NORMAL
1454,AGGRESSIVE
1455,AGGRESSIVE
1456,NORMAL
1457,NORMAL
1458,NORMAL
1459,NORMAL
1460,AGGRESSIVE
1461,SLOW
1462,SLOW
1463,NORMAL
1464,NORMAL
1465,NORMAL
1466,NORMAL
1467,NORMAL
1468,SLOW
1469,AGGRESSIVE
1470,SLOW
1471,SLOW
1472,AGGRESSIVE
1473,SLOW
1474,NORMAL
1475,AGGRESSIVE
1476,SLOW
1477,SLOW
1478,SLOW
1479,AGGRESSIVE
1480,SLOW
1481,AGGRESSIVE
1482,SLOW
1483,AGGRESSIVE
1484,AGGRESSIVE
1485,SLOW
1486,AGGRESSIVE
1487,AGGRESSIVE
1488,AGGRESSIVE
1489,AGGRESSIVE
1490,AGGRESSIVE
1491,AGGRESSIVE
1492,NORMAL
1493,SLOW
1494,AGGRESSIVE
1495,NORMAL
1496,NORMAL
1497,SLOW
1498,AGGRESSIVE
1499,NORMAL
1500,AGGRESSIVE
1501,NORMAL
1502,AGGRESSIVE
1503,NORMAL
1504,SLOW
1505,AGGRESSIVE
1506,NORMAL
1507,AGGRESSIVE
1508,NORMAL
1509,AGGRESSIVE
1510,NORMAL
1511,SLOW
1512,SLOW
1513,SLOW
1514,SLOW
1515,SLOW
1516,SLOW
1517,SLOW
1518,AGGRESSIVE
1519,SLOW
1520,SLOW
1521,SLOW
1522,AGGRESSIVE
1523,SLOW
1524,SLOW
1525,AGGRESSIVE
1526,SLOW
1527,SLOW
1528,NORMAL
1529,NORMAL
1530,SLOW
1531,SLOW
1532,SLOW
1533,AGGRESSIVE
1534,AGGRESSIVE
1535,SLOW
1536,SLOW
1537,NORMAL
1538,AGGRESSIVE
1539,NORMAL
1540,SLOW
1541,SLOW
1542,SLOW
1543,NORMAL
1544,AGGRESSIVE
1545,SLOW
1546,SLOW
1547,SLOW
1548,NORMAL
1549,SLOW
1550,NORMAL
1551,SLOW
1552,SLOW
1553,SLOW
1554,AGGRESSIVE
1555,NORMAL
1556,NORMAL
1557,NORMAL
1558,AGGRESSIVE
1559,SLOW
1560,SLOW
1561,SLOW
1562,NORMAL
1563,SLOW
1564,SLOW
1565,SLOW
1566,SLOW
1567,AGGRESSIVE
1568,SLOW
1569,SLOW
1570,AGGRESSIVE
1571,AGGRESSIVE
1572,NORMAL
1573,SLOW
1574,NORMAL
1575,SLOW
1576,SLOW
1577,SLOW
1578,SLOW
1579,SLOW
1580,SLOW
1581,SLOW
1582,NORMAL
1583,AGGRESSIVE
1584,SLOW
1585,SLOW
1586,SLOW
1587,SLOW
1588,SLOW
1589,NORMAL
1590,NORMAL
1591,AGGRESSIVE
1592,AGGRESSIVE
1593,SLOW
1594,NORMAL
1595,AGGRESSIVE
1596,AGGRESSIVE
1597,AGGRESSIVE
1598,NORMAL
1599,AGGRESSIVE
1600,AGGRESSIVE
1601,AGGRESSIVE
1602,SLOW
1603,AGGRESSIVE
1604,AGGRESSIVE
1605,AGGRESSIVE
1606,SLOW
1607,AGGRESSIVE
1608,NORMAL
1609,AGGRESSIVE
1610,NORMAL
1611,NORMAL
1612,NORMAL
1613,NORMAL
1614,SLOW
1615,NORMAL
1616,SLOW
1617,AGGRESSIVE
1618,SLOW
1619,AGGRESSIVE
1620,SLOW
1621,NORMAL
1622,AGGRESSIVE
1623,NORMAL
1624,NORMAL
1625,SLOW
1626,SLOW
1627,NORMAL
1628,AGGRESSIVE
1629,NORMAL
1630,NORMAL
1631,NORMAL
1632,AGGRESSIVE
1633,SLOW
1634,SLOW
1635,SLOW
1636,SLOW
1637,SLOW
1638,SLOW
1639,SLOW
1640,NORMAL
1641,SLOW
1642,AGGRESSIVE
1643,SLOW
1644,AGGRESSIVE
1645,SLOW
1646,SLOW
1647,SLOW
1648,NORMAL
1649,AGGRESSIVE
1650,AGGRESSIVE
1651,SLOW
1652,SLOW
1653,SLOW
1654,AGGRESSIVE
1655,AGGRESSIVE
1656,AGGRESSIVE
1657,SLOW
1658,NORMAL
1659,AGGRESSIVE
1660,SLOW
1661,SLOW
1662,AGGRESSIVE
1663,SLOW
1664,SLOW
1665,SLOW
1666,SLOW
1667,SLOW
1668,SLOW
1669,SLOW
1670,AGGRESSIVE
1671,SLOW
1672,AGGRESSIVE
1673,SLOW
1674,SLOW
1675,NORMAL
1676,NORMAL
1677,NORMAL
1678,NORMAL
1679,NORMAL
1680,SLOW
1681,NORMAL
1682,NORMAL
1683,AGGRESSIVE
1684,SLOW
1685,NORMAL
1686,AGGRESSIVE
1687,AGGRESSIVE
1688,NORMAL
1689,NORMAL
1690,SLOW
1691,NORMAL
1692,SLOW
1693,SLOW
1694,SLOW
1695,SLOW
1696,SLOW
1697,NORMAL
1698,AGGRESSIVE
1699,NORMAL
1700,NORMAL
1701,NORMAL
1702,SLOW
1703,SLOW
1704,SLOW
1705,SLOW
1706,SLOW
1707,NORMAL
1708,SLOW
1709,SLOW
1710,NORMAL
1711,SLOW
1712,AGGRESSIVE
1713,AGGRESSIVE
1714,SLOW
1715,AGGRESSIVE
1716,AGGRESSIVE
1717,NORMAL
1718,AGGRESSIVE
1719,NORMAL
1720,NORMAL
1721,NORMAL
1722,NORMAL
1723,NORMAL
1724,SLOW
1725,NORMAL
1726,SLOW
1727,SLOW
1728,SLOW
1729,SLOW
1730,NORMAL
1731,SLOW
1732,SLOW
1733,SLOW
1734,SLOW
1735,SLOW
1736,SLOW
1737,SLOW
1738,NORMAL
1739,NORMAL
1740,SLOW
1741,NORMAL
1742,SLOW
1743,NORMAL
1744,SLOW
1745,NORMAL
1746,SLOW
1747,NORMAL
1748,SLOW
1749,AGGRESSIVE
1750,SLOW
1751,SLOW
1752,SLOW
1753,SLOW
1754,SLOW
1755,NORMAL
1756,AGGRESSIVE
1757,AGGRESSIVE
1758,NORMAL
1759,NORMAL
1760,SLOW
1761,SLOW
1762,SLOW
1763,SLOW
1764,SLOW
1765,SLOW
1766,AGGRESSIVE
1767,SLOW
1768,NORMAL
1769,NORMAL
1770,NORMAL
1771,SLOW
1772,SLOW
1773,NORMAL
1774,NORMAL
1775,NORMAL
1776,NORMAL
1777,SLOW
1778,NORMAL
1779,NORMAL
1780,NORMAL
1781,NORMAL
1782,SLOW
1783,SLOW
1784,NORMAL
1785,NORMAL
1786,AGGRESSIVE
1787,NORMAL
1788,AGGRESSIVE
1789,NORMAL
1790,AGGRESSIVE
1791,SLOW
1792,NORMAL
1793,SLOW
1794,NORMAL
1795,NORMAL
1796,SLOW
1797,SLOW
1798,NORMAL
1799,AGGRESSIVE
1800,AGGRESSIVE
1801,SLOW
1802,NORMAL
1803,SLOW
1804,SLOW
1805,AGGRESSIVE
1806,SLOW
1807,AGGRESSIVE
1808,AGGRESSIVE
1809,AGGRESSIVE
1810,NORMAL
1811,AGGRESSIVE
1812,SLOW
1813,SLOW
1814,SLOW
1815,NORMAL
1816,NORMAL
1817,SLOW
1818,NORMAL
1819,SLOW
1820,SLOW
1821,NORMAL
1822,SLOW
1823,NORMAL
1824,NORMAL
1825,NORMAL
1826,NORMAL
1827,AGGRESSIVE
1828,SLOW
1829,NORMAL
1830,SLOW
1831,SLOW
1832,SLOW
1833,SLOW
1834,SLOW
1835,NORMAL
1836,SLOW
1837,SLOW
1838,SLOW
1839,SLOW
1840,SLOW
1841,NORMAL
1842,SLOW
1843,SLOW
1844,NORMAL
1845,NORMAL
1846,SLOW
1847,SLOW
1848,NORMAL
1849,NORMAL
1850,NORMAL
1851,NORMAL
1852,NORMAL
1853,NORMAL
1854,SLOW
1855,SLOW
1856,SLOW
1857,SLOW
1858,SLOW
1859,SLOW
1860,NORMAL
1861,NORMAL
1862,NORMAL
1863,SLOW
1864,SLOW
1865,NORMAL
1866,NORMAL
1867,NORMAL
1868,SLOW
1869,SLOW
1870,SLOW
1871,SLOW
1872,SLOW
1873,NORMAL
1874,SLOW
1875,NORMAL
1876,AGGRESSIVE
1877,AGGRESSIVE
1878,SLOW
1879,AGGRESSIVE
1880,NORMAL
1881,NORMAL
1882,SLOW
1883,SLOW
1884,SLOW
1885,NORMAL
1886,AGGRESSIVE
1887,SLOW
1888,SLOW
1889,NORMAL
1890,SLOW
1891,SLOW
1892,NORMAL
1893,AGGRESSIVE
1894,SLOW
1895,SLOW
1896,NORMAL
1897,SLOW
1898,SLOW
1899,SLOW
1900,SLOW
1901,NORMAL
1902,SLOW
1903,SLOW
1904,AGGRESSIVE
1905,SLOW
1906,AGGRESSIVE
1907,AGGRESSIVE
1908,AGGRESSIVE
1909,NORMAL
1910,SLOW
1911,SLOW
1912,SLOW
1913,SLOW
1914,SLOW
1915,AGGRESSIVE
1916,AGGRESSIVE
1917,AGGRESSIVE
1918,SLOW
1919,AGGRESSIVE
1920,SLOW
1921,AGGRESSIVE
1922,AGGRESSIVE
1923,SLOW
1924,AGGRESSIVE
1925,SLOW
1926,NORMAL
1927,SLOW
1928,NORMAL
1929,SLOW
1930,NORMAL
1931,AGGRESSIVE
1932,SLOW
1933,NORMAL
1934,SLOW
1935,AGGRESSIVE
1936,AGGRESSIVE
1937,NORMAL
1938,AGGRESSIVE
1939,NORMAL
1940,AGGRESSIVE
1941,NORMAL
1942,SLOW
1943,NORMAL
1944,NORMAL
1945,AGGRESSIVE
1946,SLOW
1947,AGGRESSIVE
1948,AGGRESSIVE
1949,NORMAL
1950,AGGRESSIVE
1951,NORMAL
1952,AGGRESSIVE
1953,AGGRESSIVE
1954,AGGRESSIVE
1955,NORMAL
1956,AGGRESSIVE
1957,NORMAL
1958,NORMAL
1959,SLOW
1960,NORMAL
1961,SLOW
1962,SLOW
1963,SLOW
1964,NORMAL
1965,AGGRESSIVE
1966,AGGRESSIVE
1967,AGGRESSIVE
1968,NORMAL
1969,SLOW
1970,SLOW
1971,SLOW
1972,NORMAL
1973,NORMAL
1974,AGGRESSIVE
1975,SLOW
1976,SLOW
1977,SLOW
1978,AGGRESSIVE
1979,SLOW
1980,NORMAL
1981,SLOW
1982,SLOW
1983,NORMAL
1984,SLOW
1985,SLOW
1986,SLOW
1987,AGGRESSIVE
1988,SLOW
1989,NORMAL
1990,SLOW
1991,NORMAL
1992,SLOW
1993,NORMAL
1994,SLOW
1995,SLOW
1996,NORMAL
1997,SLOW
1998,NORMAL
1999,AGGRESSIVE
2000,SLOW
2001,SLOW
2002,AGGRESSIVE
2003,SLOW
2004,NORMAL
2005,SLOW
2006,SLOW
2007,SLOW
2008,AGGRESSIVE
2009,AGGRESSIVE
2010,AGGRESSIVE
2011,NORMAL
2012,SLOW
2013,SLOW
2014,NORMAL
2015,SLOW
2016,NORMAL
2017,SLOW
2018,NORMAL
2019,AGGRESSIVE
2020,AGGRESSIVE
2021,SLOW
2022,SLOW
2023,NORMAL
2024,SLOW
2025,NORMAL
2026,NORMAL
2027,NORMAL
2028,NORMAL
2029,NORMAL
2030,SLOW
2031,SLOW
2032,AGGRESSIVE
2033,NORMAL
2034,SLOW
2035,NORMAL
2036,NORMAL
2037,AGGRESSIVE
2038,SLOW
2039,SLOW
2040,NORMAL
2041,NORMAL
2042,AGGRESSIVE
2043,SLOW
2044,SLOW
2045,NORMAL
2046,SLOW
2047,SLOW
2048,AGGRESSIVE
2049,AGGRESSIVE
2050,SLOW
2051,SLOW
2052,NORMAL
2053,NORMAL
2054,SLOW
2055,SLOW
2056,AGGRESSIVE
2057,NORMAL
2058,SLOW
2059,NORMAL
2060,AGGRESSIVE
2061,AGGRESSIVE
2062,SLOW
2063,AGGRESSIVE
2064,NORMAL
2065,NORMAL
2066,SLOW
2067,NORMAL
2068,AGGRESSIVE
2069,NORMAL
2070,NORMAL
2071,AGGRESSIVE
2072,NORMAL
2073,NORMAL
2074,SLOW
2075,AGGRESSIVE
2076,AGGRESSIVE
2077,AGGRESSIVE
2078,SLOW
2079,AGGRESSIVE
2080,SLOW
2081,AGGRESSIVE
2082,SLOW
2083,SLOW
2084,SLOW
2085,SLOW
2086,SLOW
2087,NORMAL
2088,NORMAL
2089,SLOW
2090,NORMAL
2091,NORMAL
2092,NORMAL
2093,NORMAL
2094,AGGRESSIVE
2095,AGGRESSIVE
2096,SLOW
2097,SLOW
2098,SLOW
2099,NORMAL
2100,NORMAL
2101,SLOW
2102,AGGRESSIVE
2103,AGGRESSIVE
2104,NORMAL
2105,SLOW
2106,AGGRESSIVE
2107,AGGRESSIVE
2108,SLOW
2109,AGGRESSIVE
2110,SLOW
2111,AGGRESSIVE
2112,AGGRESSIVE
2113,SLOW
2114,AGGRESSIVE
2115,AGGRESSIVE
2116,NORMAL
2117,NORMAL
2118,SLOW
2119,NORMAL
2120,SLOW
2121,AGGRESSIVE
2122,NORMAL
2123,SLOW
2124,NORMAL
2125,NORMAL
2126,NORMAL
2127,AGGRESSIVE
2128,NORMAL
2129,AGGRESSIVE
2130,SLOW
2131,AGGRESSIVE
2132,SLOW
2133,NORMAL
2134,AGGRESSIVE
2135,SLOW
2136,AGGRESSIVE
2137,SLOW
2138,NORMAL
2139,AGGRESSIVE
2140,AGGRESSIVE
2141,SLOW
2142,NORMAL
2143,AGGRESSIVE
2144,SLOW
2145,SLOW
2146,AGGRESSIVE
2147,AGGRESSIVE
2148,AGGRESSIVE
2149,NORMAL
2150,NORMAL
2151,SLOW
2152,SLOW
2153,AGGRESSIVE
2154,NORMAL
2155,NORMAL
2156,SLOW
2157,SLOW
2158,AGGRESSIVE
2159,AGGRESSIVE
2160,NORMAL
2161,AGGRESSIVE
2162,SLOW
2163,SLOW
2164,NORMAL
2165,NORMAL
2166,SLOW
2167,NORMAL
2168,NORMAL
2169,AGGRESSIVE
2170,NORMAL
2171,AGGRESSIVE
2172,SLOW
2173,NORMAL
2174,AGGRESSIVE
2175,NORMAL
2176,NORMAL
2177,NORMAL
2178,SLOW
2179,AGGRESSIVE
2180,NORMAL
2181,NORMAL
2182,SLOW
2183,SLOW
2184,SLOW
2185,SLOW
2186,SLOW
2187,SLOW
2188,NORMAL
2189,AGGRESSIVE
2190,NORMAL
2191,SLOW
2192,AGGRESSIVE
2193,AGGRESSIVE
2194,AGGRESSIVE
2195,SLOW
2196,SLOW
2197,SLOW
2198,NORMAL
2199,SLOW
2200,NORMAL
2201,AGGRESSIVE
2202,AGGRESSIVE
2203,AGGRESSIVE
2204,NORMAL
2205,SLOW
2206,NORMAL
2207,SLOW
2208,SLOW
2209,NORMAL
2210,SLOW
2211,SLOW
2212,SLOW
2213,NORMAL
2214,SLOW
2215,SLOW
2216,NORMAL
2217,SLOW
2218,AGGRESSIVE
2219,AGGRESSIVE
2220,AGGRESSIVE
2221,SLOW
2222,SLOW
2223,NORMAL
2224,NORMAL
2225,SLOW
2226,NORMAL
2227,SLOW
2228,NORMAL
2229,AGGRESSIVE
2230,SLOW
2231,SLOW
2232,SLOW
2233,SLOW
2234,AGGRESSIVE
2235,SLOW
2236,NORMAL
2237,NORMAL
2238,SLOW
2239,AGGRESSIVE
2240,NORMAL
2241,NORMAL
2242,AGGRESSIVE
2243,AGGRESSIVE
2244,AGGRESSIVE
2245,NORMAL
2246,SLOW
2247,NORMAL
2248,SLOW
2249,SLOW
2250,AGGRESSIVE
2251,SLOW
2252,SLOW
2253,AGGRESSIVE
2254,AGGRESSIVE
2255,AGGRESSIVE
2256,AGGRESSIVE
2257,AGGRESSIVE
2258,NORMAL
2259,AGGRESSIVE
2260,SLOW
2261,SLOW
2262,SLOW
2263,SLOW
2264,AGGRESSIVE
2265,SLOW
2266,SLOW
2267,SLOW
2268,SLOW
2269,AGGRESSIVE
2270,SLOW
2271,SLOW
2272,SLOW
2273,SLOW
2274,SLOW
2275,SLOW
2276,NORMAL
2277,NORMAL
2278,SLOW
2279,SLOW
2280,NORMAL
2281,SLOW
2282,SLOW
2283,NORMAL
2284,NORMAL
2285,SLOW
2286,SLOW
2287,NORMAL
2288,SLOW
2289,SLOW
2290,SLOW
2291,NORMAL
2292,NORMAL
2293,SLOW
2294,AGGRESSIVE
2295,NORMAL
2296,AGGRESSIVE
2297,SLOW
2298,NORMAL
2299,SLOW
2300,SLOW
2301,SLOW
2302,NORMAL
2303,SLOW
2304,SLOW
2305,AGGRESSIVE
2306,SLOW
2307,SLOW
2308,SLOW
2309,AGGRESSIVE
2310,NORMAL
2311,SLOW
2312,NORMAL
2313,SLOW
2314,SLOW
2315,SLOW
2316,NORMAL
2317,NORMAL
2318,SLOW
2319,SLOW
2320,SLOW
2321,SLOW
2322,NORMAL
2323,NORMAL
2324,SLOW
2325,NORMAL
2326,SLOW
2327,SLOW
2328,SLOW
2329,AGGRESSIVE
2330,SLOW
2331,SLOW
2332,SLOW
2333,NORMAL
2334,SLOW
2335,SLOW
2336,SLOW
2337,SLOW
2338,SLOW
2339,SLOW
2340,AGGRESSIVE
2341,SLOW
2342,NORMAL
2343,AGGRESSIVE
2344,SLOW
2345,NORMAL
2346,SLOW
2347,NORMAL
2348,NORMAL
2349,SLOW
2350,NORMAL
2351,SLOW
2352,NORMAL
2353,SLOW
2354,AGGRESSIVE
2355,SLOW
2356,SLOW
2357,NORMAL
2358,NORMAL
2359,NORMAL
2360,SLOW
2361,SLOW
2362,SLOW
2363,NORMAL
2364,SLOW
2365,SLOW
2366,NORMAL
2367,SLOW
2368,NORMAL
2369,SLOW
2370,NORMAL
2371,SLOW
2372,SLOW
2373,NORMAL
2374,NORMAL
2375,SLOW
2376,NORMAL
2377,SLOW
2378,NORMAL
2379,SLOW
2380,SLOW
2381,SLOW
2382,NORMAL
2383,AGGRESSIVE
2384,SLOW
2385,NORMAL
2386,NORMAL
2387,SLOW
2388,NORMAL
2389,NORMAL
2390,SLOW
2391,SLOW
2392,NORMAL
2393,SLOW
2394,AGGRESSIVE
2395,SLOW
2396,SLOW
2397,SLOW
2398,SLOW
2399,SLOW
2400,NORMAL
2401,SLOW
2402,NORMAL
2403,SLOW
2404,NORMAL
2405,NORMAL
2406,NORMAL
2407,NORMAL
2408,SLOW
2409,SLOW
2410,SLOW
2411,SLOW
2412,SLOW
2413,NORMAL
2414,AGGRESSIVE
2415,AGGRESSIVE
2416,NORMAL
2417,AGGRESSIVE
2418,SLOW
2419,NORMAL
2420,SLOW
2421,SLOW
2422,NORMAL
2423,SLOW
2424,NORMAL
2425,NORMAL
2426,SLOW
2427,NORMAL
2428,AGGRESSIVE
2429,SLOW
2430,NORMAL
2431,SLOW
2432,SLOW
2433,SLOW
2434,SLOW
2435,SLOW
2436,SLOW
2437,SLOW
2438,SLOW
2439,SLOW
2440,SLOW
2441,SLOW
2442,SLOW
2443,NORMAL
2444,SLOW
2445,SLOW
2446,SLOW
2447,NORMAL
2448,SLOW
2449,SLOW
2450,SLOW
2451,NORMAL
2452,SLOW
2453,NORMAL
2454,SLOW
2455,SLOW
2456,SLOW
2457,SLOW
2458,SLOW
2459,SLOW
2460,NORMAL
2461,SLOW
2462,SLOW
2463,SLOW
2464,NORMAL
2465,SLOW
2466,NORMAL
2467,NORMAL
2468,SLOW
2469,SLOW
2470,SLOW
2471,NORMAL
2472,NORMAL
2473,NORMAL
2474,SLOW
2475,NORMAL
2476,SLOW
2477,NORMAL
2478,SLOW
2479,SLOW
2480,SLOW
2481,SLOW
2482,NORMAL
2483,SLOW
2484,SLOW
2485,SLOW
2486,SLOW
2487,NORMAL
2488,SLOW
2489,SLOW
2490,NORMAL
2491,SLOW
2492,AGGRESSIVE
2493,SLOW
2494,SLOW
2495,SLOW
2496,SLOW
2497,SLOW
2498,SLOW
2499,SLOW
2500,NORMAL
2501,NORMAL
2502,SLOW
2503,NORMAL
2504,NORMAL
2505,SLOW
2506,SLOW
2507,NORMAL
2508,SLOW
2509,SLOW
2510,NORMAL
2511,NORMAL
2512,SLOW
2513,SLOW
2514,NORMAL
2515,SLOW
2516,NORMAL
2517,SLOW
2518,SLOW
2519,SLOW
2520,AGGRESSIVE
2521,SLOW
2522,SLOW
2523,AGGRESSIVE
2524,SLOW
2525,NORMAL
2526,SLOW
2527,NORMAL
2528,SLOW
2529,NORMAL
2530,SLOW
2531,SLOW
2532,SLOW
2533,SLOW
2534,SLOW
2535,NORMAL
2536,AGGRESSIVE
2537,SLOW
2538,NORMAL
2539,NORMAL
2540,NORMAL
2541,NORMAL
2542,SLOW
2543,NORMAL
2544,SLOW
2545,AGGRESSIVE
2546,SLOW
2547,NORMAL
2548,NORMAL
2549,SLOW
2550,SLOW
2551,SLOW
2552,NORMAL
2553,SLOW
2554,AGGRESSIVE
2555,SLOW
2556,SLOW
2557,NORMAL
2558,SLOW
2559,SLOW
2560,SLOW
2561,AGGRESSIVE
2562,NORMAL
2563,SLOW
2564,NORMAL
2565,SLOW
2566,SLOW
2567,SLOW
2568,NORMAL
2569,AGGRESSIVE
2570,SLOW
2571,SLOW
2572,NORMAL
2573,NORMAL
2574,AGGRESSIVE
2575,SLOW
2576,SLOW
2577,SLOW
2578,SLOW
2579,SLOW
2580,AGGRESSIVE
2581,SLOW
2582,SLOW
2583,AGGRESSIVE
2584,SLOW
2585,SLOW
2586,NORMAL
2587,NORMAL
2588,SLOW
2589,SLOW
2590,SLOW
2591,AGGRESSIVE
2592,AGGRESSIVE
2593,SLOW
2594,SLOW
2595,SLOW
2596,SLOW
2597,SLOW
2598,AGGRESSIVE
2599,AGGRESSIVE
2600,SLOW
2601,SLOW
2602,NORMAL
2603,SLOW
2604,SLOW
2605,SLOW
2606,SLOW
2607,AGGRESSIVE
2608,SLOW
2609,NORMAL
2610,NORMAL
2611,SLOW
2612,SLOW
2613,AGGRESSIVE
2614,SLOW
2615,SLOW
2616,NORMAL
2617,SLOW
2618,SLOW
2619,NORMAL
2620,SLOW
2621,SLOW
2622,NORMAL
2623,SLOW
2624,AGGRESSIVE
2625,SLOW
2626,AGGRESSIVE
2627,AGGRESSIVE
2628,AGGRESSIVE
2629,AGGRESSIVE
2630,SLOW
2631,AGGRESSIVE
2632,SLOW
2633,AGGRESSIVE
2634,AGGRESSIVE
2635,AGGRESSIVE
2636,SLOW
2637,NORMAL
2638,AGGRESSIVE
2639,SLOW
2640,SLOW
2641,AGGRESSIVE
2642,NORMAL
2643,NORMAL
2644,SLOW
2645,AGGRESSIVE
2646,SLOW
2647,NORMAL
2648,NORMAL
2649,NORMAL
2650,NORMAL
2651,NORMAL
2652,AGGRESSIVE
2653,NORMAL
2654,AGGRESSIVE
2655,NORMAL
2656,NORMAL
2657,AGGRESSIVE
2658,NORMAL
2659,SLOW
2660,SLOW
2661,SLOW
2662,SLOW
2663,AGGRESSIVE
2664,AGGRESSIVE
2665,SLOW
2666,AGGRESSIVE
2667,AGGRESSIVE
2668,SLOW
2669,SLOW
2670,NORMAL
2671,SLOW
2672,SLOW
2673,AGGRESSIVE
2674,SLOW
2675,NORMAL
2676,SLOW
2677,SLOW
2678,SLOW
2679,AGGRESSIVE
2680,SLOW
2681,AGGRESSIVE
2682,AGGRESSIVE
2683,NORMAL
2684,SLOW
2685,SLOW
2686,SLOW
2687,SLOW
2688,AGGRESSIVE
2689,NORMAL
2690,SLOW
2691,NORMAL
2692,SLOW
2693,SLOW
2694,NORMAL
2695,NORMAL
2696,NORMAL
2697,AGGRESSIVE
2698,AGGRESSIVE
2699,NORMAL
2700,AGGRESSIVE
2701,NORMAL
2702,NORMAL
2703,SLOW
2704,SLOW
2705,NORMAL
2706,SLOW
2707,NORMAL
2708,NORMAL
2709,AGGRESSIVE
2710,NORMAL
2711,SLOW
2712,SLOW
2713,NORMAL
2714,AGGRESSIVE
2715,SLOW
2716,NORMAL
2717,NORMAL
2718,AGGRESSIVE
2719,AGGRESSIVE
2720,NORMAL
2721,AGGRESSIVE
2722,SLOW
2723,SLOW
2724,SLOW
2725,NORMAL
2726,SLOW
2727,SLOW
2728,NORMAL
2729,NORMAL
2730,AGGRESSIVE
2731,SLOW
2732,SLOW
2733,AGGRESSIVE
2734,AGGRESSIVE
2735,NORMAL
2736,SLOW
2737,NORMAL
2738,SLOW
2739,NORMAL
2740,SLOW
2741,SLOW
2742,SLOW
2743,SLOW
2744,SLOW
2745,NORMAL
2746,SLOW
2747,SLOW
2748,SLOW
2749,SLOW
2750,SLOW
2751,NORMAL
2752,SLOW
2753,SLOW
2754,SLOW
2755,NORMAL
2756,SLOW
2757,SLOW
2758,SLOW
2759,SLOW
2760,NORMAL
2761,SLOW
2762,SLOW
2763,NORMAL
2764,AGGRESSIVE
2765,SLOW
2766,SLOW
2767,AGGRESSIVE
2768,SLOW
2769,NORMAL
2770,SLOW
2771,NORMAL
2772,NORMAL
2773,NORMAL
2774,SLOW
2775,NORMAL
2776,NORMAL
2777,NORMAL
2778,NORMAL
2779,NORMAL
2780,AGGRESSIVE
2781,SLOW
2782,AGGRESSIVE
2783,NORMAL
2784,NORMAL
2785,SLOW
2786,NORMAL
2787,SLOW
2788,SLOW
2789,NORMAL
2790,NORMAL
2791,NORMAL
2792,NORMAL
2793,SLOW
2794,NORMAL
2795,SLOW
2796,SLOW
2797,NORMAL
2798,AGGRESSIVE
2799,NORMAL
2800,SLOW
2801,SLOW
2802,SLOW
2803,AGGRESSIVE
2804,SLOW
2805,NORMAL
2806,AGGRESSIVE
2807,NORMAL
2808,NORMAL
2809,AGGRESSIVE
2810,AGGRESSIVE
2811,NORMAL
2812,NORMAL
2813,SLOW
2814,SLOW
2815,NORMAL
2816,NORMAL
2817,SLOW
2818,AGGRESSIVE
2819,NORMAL
2820,AGGRESSIVE
2821,NORMAL
2822,SLOW
2823,SLOW
2824,SLOW
2825,SLOW
2826,AGGRESSIVE
2827,SLOW
2828,NORMAL
2829,SLOW
2830,SLOW
2831,SLOW
2832,NORMAL
2833,NORMAL
2834,SLOW
2835,SLOW
2836,AGGRESSIVE
2837,NORMAL
2838,NORMAL
2839,SLOW
2840,NORMAL
2841,SLOW
2842,SLOW
2843,AGGRESSIVE
2844,SLOW
2845,NORMAL
2846,NORMAL
2847,NORMAL
2848,SLOW
2849,NORMAL
2850,SLOW
2851,SLOW
2852,NORMAL
2853,SLOW
2854,SLOW
2855,SLOW
2856,SLOW
2857,SLOW
2858,NORMAL
2859,NORMAL
2860,SLOW
2861,SLOW
2862,SLOW
2863,SLOW
2864,SLOW
2865,SLOW
2866,NORMAL
2867,AGGRESSIVE
2868,AGGRESSIVE
2869,AGGRESSIVE
2870,SLOW
2871,AGGRESSIVE
2872,SLOW
2873,SLOW
2874,SLOW
2875,AGGRESSIVE
2876,SLOW
2877,SLOW
2878,NORMAL
2879,NORMAL
2880,AGGRESSIVE
2881,SLOW
2882,SLOW
2883,NORMAL
2884,SLOW
2885,SLOW
2886,SLOW
2887,NORMAL
2888,SLOW
2889,SLOW
2890,SLOW
2891,NORMAL
2892,SLOW
2893,SLOW
2894,NORMAL
2895,SLOW
2896,NORMAL
2897,AGGRESSIVE
2898,NORMAL
2899,SLOW
2900,SLOW
2901,SLOW
2902,NORMAL
2903,SLOW
2904,SLOW
2905,SLOW
2906,NORMAL
2907,AGGRESSIVE
2908,AGGRESSIVE
2909,AGGRESSIVE
2910,NORMAL
2911,SLOW
2912,SLOW
2913,SLOW
2914,SLOW
2915,NORMAL
2916,SLOW
2917,SLOW
2918,SLOW
2919,SLOW
2920,SLOW
2921,NORMAL
2922,NORMAL
2923,NORMAL
2924,SLOW
2925,NORMAL
2926,NORMAL
2927,NORMAL
2928,NORMAL
2929,NORMAL
2930,NORMAL
2931,NORMAL
2932,SLOW
2933,NORMAL
2934,AGGRESSIVE
2935,NORMAL
2936,SLOW
2937,SLOW
2938,SLOW
2939,NORMAL
2940,NORMAL
2941,SLOW
2942,SLOW
2943,NORMAL
2944,SLOW
2945,SLOW
2946,AGGRESSIVE
2947,AGGRESSIVE
2948,SLOW
2949,SLOW
2950,SLOW
2951,SLOW
2952,NORMAL
2953,SLOW
2954,NORMAL
2955,SLOW
2956,SLOW
2957,SLOW
2958,NORMAL
2959,SLOW
2960,SLOW
2961,SLOW
2962,NORMAL
2963,AGGRESSIVE
2964,SLOW
2965,SLOW
2966,NORMAL
2967,SLOW
2968,NORMAL
2969,SLOW
2970,SLOW
2971,SLOW
2972,SLOW
2973,NORMAL
2974,NORMAL
2975,SLOW
2976,SLOW
2977,SLOW
2978,SLOW
2979,SLOW
2980,SLOW
2981,NORMAL
2982,SLOW
2983,NORMAL
2984,AGGRESSIVE
2985,NORMAL
2986,SLOW
2987,NORMAL
2988,NORMAL
2989,NORMAL
2990,NORMAL
2991,NORMAL
2992,NORMAL
2993,AGGRESSIVE
2994,SLOW
2995,NORMAL
2996,SLOW
2997,SLOW
2998,SLOW
2999,NORMAL
3000,NORMAL
3001,NORMAL
3002,SLOW
3003,SLOW
3004,NORMAL
3005,SLOW
3006,NORMAL
3007,SLOW
3008,NORMAL
3009,SLOW
3010,NORMAL
3011,NORMAL
3012,SLOW
3013,SLOW
3014,NORMAL
3015,SLOW
3016,NORMAL
3017,SLOW
3018,NORMAL
3019,NORMAL
3020,SLOW
3021,SLOW
3022,SLOW
3023,SLOW
3024,SLOW
3025,SLOW
3026,SLOW
3027,SLOW
3028,SLOW
3029,SLOW
3030,SLOW
3031,SLOW
3032,SLOW
3033,SLOW
3034,NORMAL
3035,SLOW
3036,NORMAL
3037,NORMAL
3038,SLOW
3039,NORMAL
3040,NORMAL
3041,NORMAL
3042,NORMAL
3043,NORMAL
3044,NORMAL
3045,SLOW
3046,NORMAL
3047,NORMAL
3048,NORMAL
3049,NORMAL
3050,NORMAL
3051,NORMAL
3052,NORMAL
3053,NORMAL
3054,NORMAL
3055,NORMAL
3056,NORMAL
3057,SLOW
3058,NORMAL
3059,SLOW
3060,SLOW
3061,SLOW
3062,AGGRESSIVE
3063,AGGRESSIVE
3064,AGGRESSIVE
3065,AGGRESSIVE
3066,AGGRESSIVE
3067,NORMAL
3068,SLOW
3069,SLOW
3070,SLOW
3071,SLOW
3072,NORMAL
3073,SLOW
3074,SLOW
3075,SLOW
3076,AGGRESSIVE
3077,NORMAL
3078,NORMAL
3079,AGGRESSIVE
3080,SLOW
3081,SLOW
3082,NORMAL
3083,AGGRESSIVE
