row_id,Class
0,NORMAL
1,NORMAL
2,NORMAL
3,NORMAL
4,NORMAL
5,NORMAL
6,NORMAL
7,NORMAL
8,NORMAL
9,NORMAL
10,NORMAL
11,NORMAL
12,NORMAL
13,NORMAL
14,NORMAL
15,NORMAL
16,NORMAL
17,NORMAL
18,NORMAL
19,NORMAL
20,NORMAL
21,NORMAL
22,NORMAL
23,NORMAL
24,NORMAL
25,NORMAL
26,NORMAL
27,NORMAL
28,NORMAL
29,NORMAL
30,NORMAL
31,NORMAL
32,NORMAL
33,NORMAL
34,NORMAL
35,NORMAL
36,NORMAL
37,NORMAL
38,NORMAL
39,NORMAL
40,NORMAL
41,NORMAL
42,NORMAL
43,NORMAL
44,NORMAL
45,NORMAL
46,NORMAL
47,NORMAL
48,NORMAL
49,NORMAL
50,NORMAL
51,NORMAL
52,NORMAL
53,NORMAL
54,NORMAL
55,NORMAL
56,NORMAL
57,NORMAL
58,NORMAL
59,NORMAL
60,NORMAL
61,NORMAL
62,NORMAL
63,NORMAL
64,NORMAL
65,NORMAL
66,NORMAL
67,NORMAL
68,NORMAL
69,NORMAL
70,NORMAL
71,NORMAL
72,NORMAL
73,NORMAL
74,NORMAL
75,NORMAL
76,NORMAL
77,NORMAL
78,NORMAL
79,NORMAL
80,NORMAL
81,NORMAL
82,NORMAL
83,NORMAL
84,NORMAL
85,NORMAL
86,NORMAL
87,NORMAL
88,NORMAL
89,NORMAL
90,NORMAL
91,NORMAL
92,NORMAL
93,NORMAL
94,NORMAL
95,NORMAL
96,NORMAL
97,NORMAL
98,NORMAL
99,NORMAL
100,NORMAL
101,NORMAL
102,NORMAL
103,NORMAL
104,NORMAL
105,NORMAL
106,NORMAL
107,NORMAL
108,NORMAL
109,NORMAL
110,NORMAL
111,NORMAL
112,NORMAL
113,NORMAL
114,NORMAL
115,NORMAL
116,NORMAL
117,NORMAL
118,NORMAL
119,NORMAL
120,NORMAL
121,NORMAL
122,NORMAL
123,NORMAL
124,NORMAL
125,NORMAL
126,NORMAL
127,NORMAL
128,NORMAL
129,NORMAL
130,NORMAL
131,NORMAL
132,NORMAL
133,NORMAL
134,NORMAL
135,NORMAL
136,NORMAL
137,NORMAL
138,NORMAL
139,NORMAL
140,NORMAL
141,NORMAL
142,NORMAL
143,NORMAL
144,NORMAL
145,NORMAL
146,NORMAL
147,NORMAL
148,NORMAL
149,NORMAL
150,NORMAL
151,NORMAL
152,NORMAL
153,NORMAL
154,NORMAL
155,NORMAL
156,NORMAL
157,NORMAL
158,NORMAL
159,NORMAL
160,NORMAL
161,NORMAL
162,NORMAL
163,NORMAL
164,NORMAL
165,NORMAL
166,NORMAL
167,NORMAL
168,NORMAL
169,NORMAL
170,NORMAL
171,NORMAL
172,NORMAL
173,NORMAL
174,NORMAL
175,NORMAL
176,NORMAL
177,NORMAL
178,NORMAL
179,NORMAL
180,NORMAL
181,NORMAL
182,NORMAL
183,NORMAL
184,NORMAL
185,NORMAL
186,NORMAL
187,NORMAL
188,NORMAL
189,NORMAL
190,NORMAL
191,NORMAL
192,NORMAL
193,NORMAL
194,NORMAL
195,NORMAL
196,NORMAL
197,NORMAL
198,NORMAL
199,NORMAL
200,NORMAL
201,NORMAL
202,NORMAL
203,NORMAL
204,NORMAL
205,NORMAL
206,NORMAL
207,NORMAL
208,NORMAL
209,NORMAL
210,NORMAL
211,NORMAL
212,NORMAL
213,NORMAL
214,NORMAL
215,NORMAL
216,NORMAL
217,NORMAL
218,NORMAL
219,NORMAL
220,NORMAL
221,NORMAL
222,NORMAL
223,NORMAL
224,NORMAL
225,NORMAL
226,NORMAL
227,NORMAL
228,NORMAL
229,NORMAL
230,NORMAL
231,NORMAL
232,NORMAL
233,NORMAL
234,NORMAL
235,NORMAL
236,NORMAL
237,NORMAL
238,NORMAL
239,NORMAL
240,NORMAL
241,NORMAL
242,NORMAL
243,NORMAL
244,NORMAL
245,NORMAL
246,NORMAL
247,NORMAL
248,NORMAL
249,NORMAL
250,NORMAL
251,NORMAL
252,NORMAL
253,NORMAL
254,NORMAL
255,NORMAL
256,NORMAL
257,NORMAL
258,NORMAL
259,NORMAL
260,NORMAL
261,NORMAL
262,NORMAL
263,NORMAL
264,NORMAL
265,NORMAL
266,NORMAL
267,NORMAL
268,NORMAL
269,NORMAL
270,NORMAL
271,NORMAL
272,NORMAL
273,NORMAL
274,NORMAL
275,NORMAL
276,NORMAL
277,NORMAL
278,NORMAL
279,NORMAL
280,NORMAL
281,NORMAL
282,NORMAL
283,NORMAL
284,NORMAL
285,NORMAL
286,NORMAL
287,NORMAL
288,NORMAL
289,NORMAL
290,NORMAL
291,NORMAL
292,NORMAL
293,NORMAL
294,NORMAL
295,NORMAL
296,NORMAL
297,NORMAL
298,NORMAL
299,NORMAL
300,NORMAL
301,NORMAL
302,NORMAL
303,NORMAL
304,NORMAL
305,NORMAL
306,NORMAL
307,NORMAL
308,NORMAL
309,NORMAL
310,NORMAL
311,NORMAL
312,NORMAL
313,NORMAL
314,NORMAL
315,NORMAL
316,NORMAL
317,NORMAL
318,NORMAL
319,NORMAL
320,NORMAL
321,NORMAL
322,NORMAL
323,NORMAL
324,NORMAL
325,NORMAL
326,NORMAL
327,NORMAL
328,NORMAL
329,NORMAL
330,NORMAL
331,NORMAL
332,NORMAL
333,NORMAL
334,NORMAL
335,NORMAL
336,NORMAL
337,NORMAL
338,NORMAL
339,NORMAL
340,NORMAL
341,NORMAL
342,NORMAL
343,NORMAL
344,NORMAL
345,NORMAL
346,NORMAL
347,NORMAL
348,NORMAL
349,NORMAL
350,NORMAL
351,NORMAL
352,NORMAL
353,NORMAL
354,NORMAL
355,NORMAL
356,NORMAL
357,NORMAL
358,NORMAL
359,NORMAL
360,NORMAL
361,NORMAL
362,NORMAL
363,NORMAL
364,NORMAL
365,NORMAL
366,NORMAL
367,NORMAL
368,NORMAL
369,NORMAL
370,NORMAL
371,NORMAL
372,NORMAL
373,NORMAL
374,NORMAL
375,NORMAL
376,NORMAL
377,NORMAL
378,NORMAL
379,NORMAL
380,NORMAL
381,NORMAL
382,NORMAL
383,NORMAL
384,NORMAL
385,NORMAL
386,NORMAL
387,NORMAL
388,NORMAL
389,NORMAL
390,NORMAL
391,NORMAL
392,NORMAL
393,NORMAL
394,NORMAL
395,NORMAL
396,NORMAL
397,NORMAL
398,NORMAL
399,NORMAL
400,NORMAL
401,NORMAL
402,NORMAL
403,NORMAL
404,NORMAL
405,NORMAL
406,NORMAL
407,NORMAL
408,NORMAL
409,NORMAL
410,NORMAL
411,NORMAL
412,NORMAL
413,NORMAL
414,NORMAL
415,NORMAL
416,NORMAL
417,NORMAL
418,NORMAL
419,NORMAL
420,NORMAL
421,NORMAL
422,NORMAL
423,NORMAL
424,NORMAL
425,NORMAL
426,NORMAL
427,NORMAL
428,NORMAL
429,NORMAL
430,NORMAL
431,NORMAL
432,NORMAL
433,NORMAL
434,NORMAL
435,NORMAL
436,NORMAL
437,NORMAL
438,NORMAL
439,NORMAL
440,NORMAL
441,NORMAL
442,NORMAL
443,NORMAL
444,NORMAL
445,NORMAL
446,NORMAL
447,NORMAL
448,NORMAL
449,NORMAL
450,NORMAL
451,NORMAL
452,NORMAL
453,NORMAL
454,NORMAL
455,NORMAL
456,NORMAL
457,NORMAL
458,NORMAL
459,NORMAL
460,NORMAL
461,NORMAL
462,NORMAL
463,NORMAL
464,NORMAL
465,NORMAL
466,NORMAL
467,NORMAL
468,NORMAL
469,NORMAL
470,NORMAL
471,NORMAL
472,NORMAL
473,NORMAL
474,NORMAL
475,NORMAL
476,NORMAL
477,NORMAL
478,NORMAL
479,NORMAL
480,NORMAL
481,NORMAL
482,NORMAL
483,NORMAL
484,NORMAL
485,NORMAL
486,NORMAL
487,NORMAL
488,NORMAL
489,NORMAL
490,NORMAL
491,NORMAL
492,NORMAL
493,NORMAL
494,NORMAL
495,NORMAL
496,NORMAL
497,NORMAL
498,NORMAL
499,NORMAL
500,NORMAL
501,NORMAL
502,NORMAL
503,NORMAL
504,NORMAL
505,NORMAL
506,NORMAL
507,NORMAL
508,NORMAL
509,NORMAL
510,NORMAL
511,NORMAL
512,NORMAL
513,NORMAL
514,NORMAL
515,NORMAL
516,NORMAL
517,NORMAL
518,NORMAL
519,NORMAL
520,NORMAL
521,NORMAL
522,NORMAL
523,NORMAL
524,NORMAL
525,NORMAL
526,NORMAL
527,NORMAL
528,NORMAL
529,NORMAL
530,NORMAL
531,NORMAL
532,NORMAL
533,NORMAL
534,NORMAL
535,NORMAL
536,NORMAL
537,NORMAL
538,NORMAL
539,NORMAL
540,NORMAL
541,NORMAL
542,NORMAL
543,NORMAL
544,NORMAL
545,NORMAL
546,NORMAL
547,NORMAL
548,NORMAL
549,NORMAL
550,NORMAL
551,NORMAL
552,NORMAL
553,NORMAL
554,NORMAL
555,NORMAL
556,NORMAL
557,NORMAL
558,NORMAL
559,NORMAL
560,NORMAL
561,NORMAL
562,NORMAL
563,NORMAL
564,NORMAL
565,NORMAL
566,NORMAL
567,NORMAL
568,NORMAL
569,NORMAL
570,NORMAL
571,NORMAL
572,NORMAL
573,NORMAL
574,NORMAL
575,NORMAL
576,NORMAL
577,NORMAL
578,NORMAL
579,NORMAL
580,NORMAL
581,NORMAL
582,NORMAL
583,NORMAL
584,NORMAL
585,NORMAL
586,NORMAL
587,NORMAL
588,NORMAL
589,NORMAL
590,NORMAL
591,NORMAL
592,NORMAL
593,NORMAL
594,NORMAL
595,NORMAL
596,NORMAL
597,NORMAL
598,NORMAL
599,NORMAL
600,NORMAL
601,NORMAL
602,NORMAL
603,NORMAL
604,NORMAL
605,NORMAL
606,NORMAL
607,NORMAL
608,NORMAL
609,NORMAL
610,NORMAL
611,NORMAL
612,NORMAL
613,NORMAL
614,NORMAL
615,NORMAL
616,NORMAL
617,NORMAL
618,NORMAL
619,NORMAL
620,NORMAL
621,NORMAL
622,NORMAL
623,NORMAL
624,NORMAL
625,NORMAL
626,NORMAL
627,NORMAL
628,NORMAL
629,NORMAL
630,NORMAL
631,NORMAL
632,NORMAL
633,NORMAL
634,NORMAL
635,NORMAL
636,NORMAL
637,NORMAL
638,NORMAL
639,NORMAL
640,NORMAL
641,NORMAL
642,NORMAL
643,NORMAL
644,NORMAL
645,NORMAL
646,NORMAL
647,NORMAL
648,NORMAL
649,NORMAL
650,NORMAL
651,NORMAL
652,NORMAL
653,NORMAL
654,NORMAL
655,NORMAL
656,NORMAL
657,NORMAL
658,NORMAL
659,NORMAL
660,NORMAL
661,NORMAL
662,NORMAL
663,NORMAL
664,NORMAL
665,NORMAL
666,NORMAL
667,NORMAL
668,NORMAL
669,NORMAL
670,NORMAL
671,NORMAL
672,NORMAL
673,NORMAL
674,NORMAL
675,NORMAL
676,NORMAL
677,NORMAL
678,NORMAL
679,NORMAL
680,NORMAL
681,NORMAL
682,NORMAL
683,NORMAL
684,NORMAL
685,NORMAL
686,NORMAL
687,NORMAL
688,NORMAL
689,NORMAL
690,NORMAL
691,NORMAL
692,NORMAL
693,NORMAL
694,NORMAL
695,NORMAL
696,NORMAL
697,NORMAL
698,NORMAL
699,NORMAL
700,NORMAL
701,NORMAL
702,NORMAL
703,NORMAL
704,NORMAL
705,NORMAL
706,NORMAL
707,NORMAL
708,NORMAL
709,NORMAL
710,NORMAL
711,NORMAL
712,NORMAL
713,NORMAL
714,NORMAL
715,NORMAL
716,NORMAL
717,NORMAL
718,NORMAL
719,NORMAL
720,NORMAL
721,NORMAL
722,NORMAL
723,NORMAL
724,NORMAL
725,NORMAL
726,NORMAL
727,NORMAL
728,NORMAL
729,NORMAL
730,NORMAL
731,NORMAL
732,NORMAL
733,NORMAL
734,NORMAL
735,NORMAL
736,NORMAL
737,NORMAL
738,NORMAL
739,NORMAL
740,NORMAL
741,NORMAL
742,NORMAL
743,NORMAL
744,NORMAL
745,NORMAL
746,NORMAL
747,NORMAL
748,NORMAL
749,NORMAL
750,NORMAL
751,NORMAL
752,NORMAL
753,NORMAL
754,NORMAL
755,NORMAL
756,NORMAL
757,NORMAL
758,NORMAL
759,NORMAL
760,NORMAL
761,NORMAL
762,NORMAL
763,NORMAL
764,NORMAL
765,NORMAL
766,NORMAL
767,NORMAL
768,NORMAL
769,NORMAL
770,NORMAL
771,NORMAL
772,NORMAL
773,NORMAL
774,NORMAL
775,NORMAL
776,NORMAL
777,NORMAL
778,NORMAL
779,NORMAL
780,NORMAL
781,NORMAL
782,NORMAL
783,NORMAL
784,NORMAL
785,NORMAL
786,NORMAL
787,NORMAL
788,NORMAL
789,NORMAL
790,NORMAL
791,NORMAL
792,NORMAL
793,NORMAL
794,NORMAL
795,NORMAL
796,NORMAL
797,NORMAL
798,NORMAL
799,NORMAL
800,NORMAL
801,NORMAL
802,NORMAL
803,NORMAL
804,NORMAL
805,NORMAL
806,NORMAL
807,NORMAL
808,NORMAL
809,NORMAL
810,NORMAL
811,NORMAL
812,NORMAL
813,NORMAL
814,NORMAL
815,NORMAL
816,NORMAL
817,NORMAL
818,NORMAL
819,NORMAL
820,NORMAL
821,NORMAL
822,NORMAL
823,NORMAL
824,NORMAL
825,NORMAL
826,NORMAL
827,NORMAL
828,NORMAL
829,NORMAL
830,NORMAL
831,NORMAL
832,NORMAL
833,NORMAL
834,NORMAL
835,NORMAL
836,NORMAL
837,NORMAL
838,NORMAL
839,NORMAL
840,NORMAL
841,NORMAL
842,NORMAL
843,NORMAL
844,NORMAL
845,NORMAL
846,NORMAL
847,NORMAL
848,NORMAL
849,NORMAL
850,NORMAL
851,NORMAL
852,NORMAL
853,NORMAL
854,NORMAL
855,NORMAL
856,NORMAL
857,NORMAL
858,NORMAL
859,NORMAL
860,NORMAL
861,NORMAL
862,NORMAL
863,NORMAL
864,NORMAL
865,NORMAL
866,NORMAL
867,NORMAL
868,NORMAL
869,NORMAL
870,NORMAL
871,NORMAL
872,NORMAL
873,NORMAL
874,NORMAL
875,NORMAL
876,NORMAL
877,NORMAL
878,NORMAL
879,NORMAL
880,NORMAL
881,NORMAL
882,NORMAL
883,NORMAL
884,NORMAL
885,NORMAL
886,NORMAL
887,NORMAL
888,NORMAL
889,NORMAL
890,NORMAL
891,NORMAL
892,NORMAL
893,NORMAL
894,NORMAL
895,NORMAL
896,NORMAL
897,NORMAL
898,NORMAL
899,NORMAL
900,NORMAL
901,NORMAL
902,NORMAL
903,NORMAL
904,NORMAL
905,NORMAL
906,NORMAL
907,NORMAL
908,NORMAL
909,NORMAL
910,NORMAL
911,NORMAL
912,NORMAL
913,NORMAL
914,NORMAL
915,NORMAL
916,NORMAL
917,NORMAL
918,NORMAL
919,NORMAL
920,NORMAL
921,NORMAL
922,NORMAL
923,NORMAL
924,NORMAL
925,NORMAL
926,NORMAL
927,NORMAL
928,NORMAL
929,NORMAL
930,NORMAL
931,NORMAL
932,NORMAL
933,NORMAL
934,NORMAL
935,NORMAL
936,NORMAL
937,NORMAL
938,NORMAL
939,NORMAL
940,NORMAL
941,NORMAL
942,NORMAL
943,NORMAL
944,NORMAL
945,NORMAL
946,NORMAL
947,NORMAL
948,NORMAL
949,NORMAL
950,NORMAL
951,NORMAL
952,NORMAL
953,NORMAL
954,NORMAL
955,NORMAL
956,NORMAL
957,NORMAL
958,NORMAL
959,NORMAL
960,NORMAL
961,NORMAL
962,NORMAL
963,NORMAL
964,NORMAL
965,NORMAL
966,NORMAL
967,NORMAL
968,NORMAL
969,NORMAL
970,NORMAL
971,NORMAL
972,NORMAL
973,NORMAL
974,NORMAL
975,NORMAL
976,NORMAL
977,NORMAL
978,NORMAL
979,NORMAL
980,NORMAL
981,NORMAL
982,NORMAL
983,NORMAL
984,NORMAL
985,NORMAL
986,NORMAL
987,NORMAL
988,NORMAL
989,NORMAL
990,NORMAL
991,NORMAL
992,NORMAL
993,NORMAL
994,NORMAL
995,NORMAL
996,NORMAL
997,NORMAL
998,NORMAL
999,NORMAL
1000,NORMAL
1001,NORMAL
1002,NORMAL
1003,NORMAL
1004,NORMAL
1005,NORMAL
1006,NORMAL
1007,NORMAL
1008,NORMAL
1009,NORMAL
1010,NORMAL
1011,NORMAL
1012,NORMAL
1013,NORMAL
1014,NORMAL
1015,NORMAL
1016,NORMAL
1017,NORMAL
1018,NORMAL
1019,NORMAL
1020,NORMAL
1021,NORMAL
1022,NORMAL
1023,NORMAL
1024,NORMAL
1025,NORMAL
1026,NORMAL
1027,NORMAL
1028,NORMAL
1029,NORMAL
1030,NORMAL
1031,NORMAL
1032,NORMAL
1033,NORMAL
1034,NORMAL
1035,NORMAL
1036,NORMAL
1037,NORMAL
1038,NORMAL
1039,NORMAL
1040,NORMAL
1041,NORMAL
1042,NORMAL
1043,NORMAL
1044,NORMAL
1045,NORMAL
1046,NORMAL
1047,NORMAL
1048,NORMAL
1049,NORMAL
1050,NORMAL
1051,NORMAL
1052,NORMAL
1053,NORMAL
1054,NORMAL
1055,NORMAL
1056,NORMAL
1057,NORMAL
1058,NORMAL
1059,NORMAL
1060,NORMAL
1061,NORMAL
1062,NORMAL
1063,NORMAL
1064,NORMAL
1065,NORMAL
1066,NORMAL
1067,NORMAL
1068,NORMAL
1069,NORMAL
1070,NORMAL
1071,NORMAL
1072,NORMAL
1073,NORMAL
1074,NORMAL
1075,NORMAL
1076,NORMAL
1077,NORMAL
1078,NORMAL
1079,NORMAL
1080,NORMAL
1081,NORMAL
1082,NORMAL
1083,NORMAL
1084,NORMAL
1085,NORMAL
1086,NORMAL
1087,NORMAL
1088,NORMAL
1089,NORMAL
1090,NORMAL
1091,NORMAL
1092,NORMAL
1093,NORMAL
1094,NORMAL
1095,NORMAL
1096,NORMAL
1097,NORMAL
1098,NORMAL
1099,NORMAL
1100,NORMAL
1101,NORMAL
1102,NORMAL
1103,NORMAL
1104,NORMAL
1105,NORMAL
1106,NORMAL
1107,NORMAL
1108,NORMAL
1109,NORMAL
1110,NORMAL
1111,NORMAL
1112,NORMAL
1113,NORMAL
1114,NORMAL
1115,NORMAL
1116,NORMAL
1117,NORMAL
1118,NORMAL
1119,NORMAL
1120,NORMAL
1121,NORMAL
1122,NORMAL
1123,NORMAL
1124,NORMAL
1125,NORMAL
1126,NORMAL
1127,NORMAL
1128,NORMAL
1129,NORMAL
1130,NORMAL
1131,NORMAL
1132,NORMAL
1133,NORMAL
1134,NORMAL
1135,NORMAL
1136,NORMAL
1137,NORMAL
1138,NORMAL
1139,NORMAL
1140,NORMAL
1141,NORMAL
1142,NORMAL
1143,NORMAL
1144,NORMAL
1145,NORMAL
1146,NORMAL
1147,NORMAL
1148,NORMAL
1149,NORMAL
1150,NORMAL
1151,NORMAL
1152,NORMAL
1153,NORMAL
1154,NORMAL
1155,NORMAL
1156,NORMAL
1157,NORMAL
1158,NORMAL
1159,NORMAL
1160,NORMAL
1161,NORMAL
1162,NORMAL
1163,NORMAL
1164,NORMAL
1165,NORMAL
1166,NORMAL
1167,NORMAL
1168,NORMAL
1169,NORMAL
1170,NORMAL
1171,NORMAL
1172,NORMAL
1173,NORMAL
1174,NORMAL
1175,NORMAL
1176,NORMAL
1177,NORMAL
1178,NORMAL
1179,NORMAL
1180,NORMAL
1181,NORMAL
1182,NORMAL
1183,NORMAL
1184,NORMAL
1185,NORMAL
1186,NORMAL
1187,NORMAL
1188,NORMAL
1189,NORMAL
1190,NORMAL
1191,NORMAL
1192,NORMAL
1193,NORMAL
1194,NORMAL
1195,NORMAL
1196,NORMAL
1197,NORMAL
1198,NORMAL
1199,NORMAL
1200,NORMAL
1201,NORMAL
1202,NORMAL
1203,NORMAL
1204,NORMAL
1205,NORMAL
1206,NORMAL
1207,NORMAL
1208,NORMAL
1209,NORMAL
1210,NORMAL
1211,NORMAL
1212,NORMAL
1213,NORMAL
1214,NORMAL
1215,NORMAL
1216,NORMAL
1217,NORMAL
1218,NORMAL
1219,NORMAL
1220,NORMAL
1221,NORMAL
1222,NORMAL
1223,NORMAL
1224,NORMAL
1225,NORMAL
1226,NORMAL
1227,NORMAL
1228,NORMAL
1229,NORMAL
1230,NORMAL
1231,NORMAL
1232,NORMAL
1233,NORMAL
1234,NORMAL
1235,NORMAL
1236,NORMAL
1237,NORMAL
1238,NORMAL
1239,NORMAL
1240,NORMAL
1241,NORMAL
1242,NORMAL
1243,NORMAL
1244,NORMAL
1245,NORMAL
1246,NORMAL
1247,NORMAL
1248,NORMAL
1249,NORMAL
1250,NORMAL
1251,NORMAL
1252,NORMAL
1253,NORMAL
1254,NORMAL
1255,NORMAL
1256,NORMAL
1257,NORMAL
1258,NORMAL
1259,NORMAL
1260,NORMAL
1261,NORMAL
1262,NORMAL
1263,NORMAL
1264,NORMAL
1265,NORMAL
1266,NORMAL
1267,NORMAL
1268,NORMAL
1269,NORMAL
1270,NORMAL
1271,NORMAL
1272,NORMAL
1273,NORMAL
1274,NORMAL
1275,NORMAL
1276,NORMAL
1277,NORMAL
1278,NORMAL
1279,NORMAL
1280,NORMAL
1281,NORMAL
1282,NORMAL
1283,NORMAL
1284,NORMAL
1285,NORMAL
1286,NORMAL
1287,NORMAL
1288,NORMAL
1289,NORMAL
1290,NORMAL
1291,NORMAL
1292,NORMAL
1293,NORMAL
1294,NORMAL
1295,NORMAL
1296,NORMAL
1297,NORMAL
1298,NORMAL
1299,NORMAL
1300,NORMAL
1301,NORMAL
1302,NORMAL
1303,NORMAL
1304,NORMAL
1305,NORMAL
1306,NORMAL
1307,NORMAL
1308,NORMAL
1309,NORMAL
1310,NORMAL
1311,NORMAL
1312,NORMAL
1313,NORMAL
1314,NORMAL
1315,NORMAL
1316,NORMAL
1317,NORMAL
1318,NORMAL
1319,NORMAL
1320,NORMAL
1321,NORMAL
1322,NORMAL
1323,NORMAL
1324,NORMAL
1325,NORMAL
1326,NORMAL
1327,NORMAL
1328,NORMAL
1329,NORMAL
1330,NORMAL
1331,NORMAL
1332,NORMAL
1333,NORMAL
1334,NORMAL
1335,NORMAL
1336,NORMAL
1337,NORMAL
1338,NORMAL
1339,NORMAL
1340,NORMAL
1341,NORMAL
1342,NORMAL
1343,NORMAL
1344,NORMAL
1345,NORMAL
1346,NORMAL
1347,NORMAL
1348,NORMAL
1349,NORMAL
1350,NORMAL
1351,NORMAL
1352,NORMAL
1353,NORMAL
1354,NORMAL
1355,NORMAL
1356,NORMAL
1357,NORMAL
1358,NORMAL
1359,NORMAL
1360,NORMAL
1361,NORMAL
1362,NORMAL
1363,NORMAL
1364,NORMAL
1365,NORMAL
1366,NORMAL
1367,NORMAL
1368,NORMAL
1369,NORMAL
1370,NORMAL
1371,NORMAL
1372,NORMAL
1373,NORMAL
1374,NORMAL
1375,NORMAL
1376,NORMAL
1377,NORMAL
1378,NORMAL
1379,NORMAL
1380,NORMAL
1381,NORMAL
1382,NORMAL
1383,NORMAL
1384,NORMAL
1385,NORMAL
1386,NORMAL
1387,NORMAL
1388,NORMAL
1389,NORMAL
1390,NORMAL
1391,NORMAL
1392,NORMAL
1393,NORMAL
1394,NORMAL
1395,NORMAL
1396,NORMAL
1397,NORMAL
1398,NORMAL
1399,NORMAL
1400,NORMAL
1401,NORMAL
1402,NORMAL
1403,NORMAL
1404,NORMAL
1405,NORMAL
1406,NORMAL
1407,NORMAL
1408,NORMAL
1409,NORMAL
1410,NORMAL
1411,NORMAL
1412,NORMAL
1413,NORMAL
1414,NORMAL
1415,NORMAL
1416,NORMAL
1417,NORMAL
1418,NORMAL
1419,NORMAL
1420,NORMAL
1421,NORMAL
1422,NORMAL
1423,NORMAL
1424,NORMAL
1425,NORMAL
1426,NORMAL
1427,NORMAL
1428,NORMAL
1429,NORMAL
1430,NORMAL
1431,NORMAL
1432,NORMAL
1433,NORMAL
1434,NORMAL
1435,NORMAL
1436,NORMAL
1437,NORMAL
1438,NORMAL
1439,NORMAL
1440,NORMAL
1441,NORMAL
1442,NORMAL
1443,NORMAL
1444,NORMAL
1445,NORMAL
1446,NORMAL
1447,NORMAL
1448,NORMAL
1449,NORMAL
1450,NORMAL
1451,NORMAL
1452,NORMAL
1453,NORMAL
1454,NORMAL
1455,NORMAL
1456,NORMAL
1457,NORMAL
1458,NORMAL
1459,NORMAL
1460,NORMAL
1461,NORMAL
1462,NORMAL
1463,NORMAL
1464,NORMAL
1465,NORMAL
1466,NORMAL
1467,NORMAL
1468,NORMAL
1469,NORMAL
1470,NORMAL
1471,NORMAL
1472,NORMAL
1473,NORMAL
1474,NORMAL
1475,NORMAL
1476,NORMAL
1477,NORMAL
1478,NORMAL
1479,NORMAL
1480,NORMAL
1481,NORMAL
1482,NORMAL
1483,NORMAL
1484,NORMAL
1485,NORMAL
1486,NORMAL
1487,NORMAL
1488,NORMAL
1489,NORMAL
1490,NORMAL
1491,NORMAL
1492,NORMAL
1493,NORMAL
1494,NORMAL
1495,NORMAL
1496,NORMAL
1497,NORMAL
1498,NORMAL
1499,NORMAL
1500,NORMAL
1501,NORMAL
1502,NORMAL
1503,NORMAL
1504,NORMAL
1505,NORMAL
1506,NORMAL
1507,NORMAL
1508,NORMAL
1509,NORMAL
1510,NORMAL
1511,NORMAL
1512,NORMAL
1513,NORMAL
1514,NORMAL
1515,NORMAL
1516,NORMAL
1517,NORMAL
1518,NORMAL
1519,NORMAL
1520,NORMAL
1521,NORMAL
1522,NORMAL
1523,NORMAL
1524,NORMAL
1525,NORMAL
1526,NORMAL
1527,NORMAL
1528,NORMAL
1529,NORMAL
1530,NORMAL
1531,NORMAL
1532,NORMAL
1533,NORMAL
1534,NORMAL
1535,NORMAL
1536,NORMAL
1537,NORMAL
1538,NORMAL
1539,NORMAL
1540,NORMAL
1541,NORMAL
1542,NORMAL
1543,NORMAL
1544,NORMAL
1545,NORMAL
1546,NORMAL
1547,NORMAL
1548,NORMAL
1549,NORMAL
1550,NORMAL
1551,NORMAL
1552,NORMAL
1553,NORMAL
1554,NORMAL
1555,NORMAL
1556,NORMAL
1557,NORMAL
1558,NORMAL
1559,NORMAL
1560,NORMAL
1561,NORMAL
1562,NORMAL
1563,NORMAL
1564,NORMAL
1565,NORMAL
1566,NORMAL
1567,NORMAL
1568,NORMAL
1569,NORMAL
1570,NORMAL
1571,NORMAL
1572,NORMAL
1573,NORMAL
1574,NORMAL
1575,NORMAL
1576,NORMAL
1577,NORMAL
1578,NORMAL
1579,NORMAL
1580,NORMAL
1581,NORMAL
1582,NORMAL
1583,NORMAL
1584,NORMAL
1585,NORMAL
1586,NORMAL
1587,NORMAL
1588,NORMAL
1589,NORMAL
1590,NORMAL
1591,NORMAL
1592,NORMAL
1593,NORMAL
1594,NORMAL
1595,NORMAL
1596,NORMAL
1597,NORMAL
1598,NORMAL
1599,NORMAL
1600,NORMAL
1601,NORMAL
1602,NORMAL
1603,NORMAL
1604,NORMAL
1605,NORMAL
1606,NORMAL
1607,NORMAL
1608,NORMAL
1609,NORMAL
1610,NORMAL
1611,NORMAL
1612,NORMAL
1613,NORMAL
1614,NORMAL
1615,NORMAL
1616,NORMAL
1617,NORMAL
1618,NORMAL
1619,NORMAL
1620,NORMAL
1621,NORMAL
1622,NORMAL
1623,NORMAL
1624,NORMAL
1625,NORMAL
1626,NORMAL
1627,NORMAL
1628,NORMAL
1629,NORMAL
1630,NORMAL
1631,NORMAL
1632,NORMAL
1633,NORMAL
1634,NORMAL
1635,NORMAL
1636,NORMAL
1637,NORMAL
1638,NORMAL
1639,NORMAL
1640,NORMAL
1641,NORMAL
1642,NORMAL
1643,NORMAL
1644,NORMAL
1645,NORMAL
1646,NORMAL
1647,NORMAL
1648,NORMAL
1649,NORMAL
1650,NORMAL
1651,NORMAL
1652,NORMAL
1653,NORMAL
1654,NORMAL
1655,NORMAL
1656,NORMAL
1657,NORMAL
1658,NORMAL
1659,NORMAL
1660,NORMAL
1661,NORMAL
1662,NORMAL
1663,NORMAL
1664,NORMAL
1665,NORMAL
1666,NORMAL
1667,NORMAL
1668,NORMAL
1669,NORMAL
1670,NORMAL
1671,NORMAL
1672,NORMAL
1673,NORMAL
1674,NORMAL
1675,NORMAL
1676,NORMAL
1677,NORMAL
1678,NORMAL
1679,NORMAL
1680,NORMAL
1681,NORMAL
1682,NORMAL
1683,NORMAL
1684,NORMAL
1685,NORMAL
1686,NORMAL
1687,NORMAL
1688,NORMAL
1689,NORMAL
1690,NORMAL
1691,NORMAL
1692,NORMAL
1693,NORMAL
1694,NORMAL
1695,NORMAL
1696,NORMAL
1697,NORMAL
1698,NORMAL
1699,NORMAL
1700,NORMAL
1701,NORMAL
1702,NORMAL
1703,NORMAL
1704,NORMAL
1705,NORMAL
1706,NORMAL
1707,NORMAL
1708,NORMAL
1709,NORMAL
1710,NORMAL
1711,NORMAL
1712,NORMAL
1713,NORMAL
1714,NORMAL
1715,NORMAL
1716,NORMAL
1717,NORMAL
1718,NORMAL
1719,NORMAL
1720,NORMAL
1721,NORMAL
1722,NORMAL
1723,NORMAL
1724,NORMAL
1725,NORMAL
1726,NORMAL
1727,NORMAL
1728,NORMAL
1729,NORMAL
1730,NORMAL
1731,NORMAL
1732,NORMAL
1733,NORMAL
1734,NORMAL
1735,NORMAL
1736,NORMAL
1737,NORMAL
1738,NORMAL
1739,NORMAL
1740,NORMAL
1741,NORMAL
1742,NORMAL
1743,NORMAL
1744,NORMAL
1745,NORMAL
1746,NORMAL
1747,NORMAL
1748,NORMAL
1749,NORMAL
1750,NORMAL
1751,NORMAL
1752,NORMAL
1753,NORMAL
1754,NORMAL
1755,NORMAL
1756,NORMAL
1757,NORMAL
1758,NORMAL
1759,NORMAL
1760,NORMAL
1761,NORMAL
1762,NORMAL
1763,NORMAL
1764,NORMAL
1765,NORMAL
1766,NORMAL
1767,NORMAL
1768,NORMAL
1769,NORMAL
1770,NORMAL
1771,NORMAL
1772,NORMAL
1773,NORMAL
1774,NORMAL
1775,NORMAL
1776,NORMAL
1777,NORMAL
1778,NORMAL
1779,NORMAL
1780,NORMAL
1781,NORMAL
1782,NORMAL
1783,NORMAL
1784,NORMAL
1785,NORMAL
1786,NORMAL
1787,NORMAL
1788,NORMAL
1789,NORMAL
1790,NORMAL
1791,NORMAL
1792,NORMAL
1793,NORMAL
1794,NORMAL
1795,NORMAL
1796,NORMAL
1797,NORMAL
1798,NORMAL
1799,NORMAL
1800,NORMAL
1801,NORMAL
1802,NORMAL
1803,NORMAL
1804,NORMAL
1805,NORMAL
1806,NORMAL
1807,NORMAL
1808,NORMAL
1809,NORMAL
1810,NORMAL
1811,NORMAL
1812,NORMAL
1813,NORMAL
1814,NORMAL
1815,NORMAL
1816,NORMAL
1817,NORMAL
1818,NORMAL
1819,NORMAL
1820,NORMAL
1821,NORMAL
1822,NORMAL
1823,NORMAL
1824,NORMAL
1825,NORMAL
1826,NORMAL
1827,NORMAL
1828,NORMAL
1829,NORMAL
1830,NORMAL
1831,NORMAL
1832,NORMAL
1833,NORMAL
1834,NORMAL
1835,NORMAL
1836,NORMAL
1837,NORMAL
1838,NORMAL
1839,NORMAL
1840,NORMAL
1841,NORMAL
1842,NORMAL
1843,NORMAL
1844,NORMAL
1845,NORMAL
1846,NORMAL
1847,NORMAL
1848,NORMAL
1849,NORMAL
1850,NORMAL
1851,NORMAL
1852,NORMAL
1853,NORMAL
1854,NORMAL
1855,NORMAL
1856,NORMAL
1857,NORMAL
1858,NORMAL
1859,NORMAL
1860,NORMAL
1861,NORMAL
1862,NORMAL
1863,NORMAL
1864,NORMAL
1865,NORMAL
1866,NORMAL
1867,NORMAL
1868,NORMAL
1869,NORMAL
1870,NORMAL
1871,NORMAL
1872,NORMAL
1873,NORMAL
1874,NORMAL
1875,NORMAL
1876,NORMAL
1877,NORMAL
1878,NORMAL
1879,NORMAL
1880,NORMAL
1881,NORMAL
1882,NORMAL
1883,NORMAL
1884,NORMAL
1885,NORMAL
1886,NORMAL
1887,NORMAL
1888,NORMAL
1889,NORMAL
1890,NORMAL
1891,NORMAL
1892,NORMAL
1893,NORMAL
1894,NORMAL
1895,NORMAL
1896,NORMAL
1897,NORMAL
1898,NORMAL
1899,NORMAL
1900,NORMAL
1901,NORMAL
1902,NORMAL
1903,NORMAL
1904,NORMAL
1905,NORMAL
1906,NORMAL
1907,NORMAL
1908,NORMAL
1909,NORMAL
1910,NORMAL
1911,NORMAL
1912,NORMAL
1913,NORMAL
1914,NORMAL
1915,NORMAL
1916,NORMAL
1917,NORMAL
1918,NORMAL
1919,NORMAL
1920,NORMAL
1921,NORMAL
1922,NORMAL
1923,NORMAL
1924,NORMAL
1925,NORMAL
1926,NORMAL
1927,NORMAL
1928,NORMAL
1929,NORMAL
1930,NORMAL
1931,NORMAL
1932,NORMAL
1933,NORMAL
1934,NORMAL
1935,NORMAL
1936,NORMAL
1937,NORMAL
1938,NORMAL
1939,NORMAL
1940,NORMAL
1941,NORMAL
1942,NORMAL
1943,NORMAL
1944,NORMAL
1945,NORMAL
1946,NORMAL
1947,NORMAL
1948,NORMAL
1949,NORMAL
1950,NORMAL
1951,NORMAL
1952,NORMAL
1953,NORMAL
1954,NORMAL
1955,NORMAL
1956,NORMAL
1957,NORMAL
1958,NORMAL
1959,NORMAL
1960,NORMAL
1961,NORMAL
1962,NORMAL
1963,NORMAL
1964,NORMAL
1965,NORMAL
1966,NORMAL
1967,NORMAL
1968,NORMAL
1969,NORMAL
1970,NORMAL
1971,NORMAL
1972,NORMAL
1973,NORMAL
1974,NORMAL
1975,NORMAL
1976,NORMAL
1977,NORMAL
1978,NORMAL
1979,NORMAL
1980,NORMAL
1981,NORMAL
1982,NORMAL
1983,NORMAL
1984,NORMAL
1985,NORMAL
1986,NORMAL
1987,NORMAL
1988,NORMAL
1989,NORMAL
1990,NORMAL
1991,NORMAL
1992,NORMAL
1993,NORMAL
1994,NORMAL
1995,NORMAL
1996,NORMAL
1997,NORMAL
1998,NORMAL
1999,NORMAL
2000,NORMAL
2001,NORMAL
2002,NORMAL
2003,NORMAL
2004,NORMAL
2005,NORMAL
2006,NORMAL
2007,NORMAL
2008,NORMAL
2009,NORMAL
2010,NORMAL
2011,NORMAL
2012,NORMAL
2013,NORMAL
2014,NORMAL
2015,NORMAL
2016,NORMAL
2017,NORMAL
2018,NORMAL
2019,NORMAL
2020,NORMAL
2021,NORMAL
2022,NORMAL
2023,NORMAL
2024,NORMAL
2025,NORMAL
2026,NORMAL
2027,NORMAL
2028,NORMAL
2029,NORMAL
2030,NORMAL
2031,NORMAL
2032,NORMAL
2033,NORMAL
2034,NORMAL
2035,NORMAL
2036,NORMAL
2037,NORMAL
2038,NORMAL
2039,NORMAL
2040,NORMAL
2041,NORMAL
2042,NORMAL
2043,NORMAL
2044,NORMAL
2045,NORMAL
2046,NORMAL
2047,NORMAL
2048,NORMAL
2049,NORMAL
2050,NORMAL
2051,NORMAL
2052,NORMAL
2053,NORMAL
2054,NORMAL
2055,NORMAL
2056,NORMAL
2057,NORMAL
2058,NORMAL
2059,NORMAL
2060,NORMAL
2061,NORMAL
2062,NORMAL
2063,NORMAL
2064,NORMAL
2065,NORMAL
2066,NORMAL
2067,NORMAL
2068,NORMAL
2069,NORMAL
2070,NORMAL
2071,NORMAL
2072,NORMAL
2073,NORMAL
2074,NORMAL
2075,NORMAL
2076,NORMAL
2077,NORMAL
2078,NORMAL
2079,NORMAL
2080,NORMAL
2081,NORMAL
2082,NORMAL
2083,NORMAL
2084,NORMAL
2085,NORMAL
2086,NORMAL
2087,NORMAL
2088,NORMAL
2089,NORMAL
2090,NORMAL
2091,NORMAL
2092,NORMAL
2093,NORMAL
2094,NORMAL
2095,NORMAL
2096,NORMAL
2097,NORMAL
2098,NORMAL
2099,NORMAL
2100,NORMAL
2101,NORMAL
2102,NORMAL
2103,NORMAL
2104,NORMAL
2105,NORMAL
2106,NORMAL
2107,NORMAL
2108,NORMAL
2109,NORMAL
2110,NORMAL
2111,NORMAL
2112,NORMAL
2113,NORMAL
2114,NORMAL
2115,NORMAL
2116,NORMAL
2117,NORMAL
2118,NORMAL
2119,NORMAL
2120,NORMAL
2121,NORMAL
2122,NORMAL
2123,NORMAL
2124,NORMAL
2125,NORMAL
2126,NORMAL
2127,NORMAL
2128,NORMAL
2129,NORMAL
2130,NORMAL
2131,NORMAL
2132,NORMAL
2133,NORMAL
2134,NORMAL
2135,NORMAL
2136,NORMAL
2137,NORMAL
2138,NORMAL
2139,NORMAL
2140,NORMAL
2141,NORMAL
2142,NORMAL
2143,NORMAL
2144,NORMAL
2145,NORMAL
2146,NORMAL
2147,NORMAL
2148,NORMAL
2149,NORMAL
2150,NORMAL
2151,NORMAL
2152,NORMAL
2153,NORMAL
2154,NORMAL
2155,NORMAL
2156,NORMAL
2157,NORMAL
2158,NORMAL
2159,NORMAL
2160,NORMAL
2161,NORMAL
2162,NORMAL
2163,NORMAL
2164,NORMAL
2165,NORMAL
2166,NORMAL
2167,NORMAL
2168,NORMAL
2169,NORMAL
2170,NORMAL
2171,NORMAL
2172,NORMAL
2173,NORMAL
2174,NORMAL
2175,NORMAL
2176,NORMAL
2177,NORMAL
2178,NORMAL
2179,NORMAL
2180,NORMAL
2181,NORMAL
2182,NORMAL
2183,NORMAL
2184,NORMAL
2185,NORMAL
2186,NORMAL
2187,NORMAL
2188,NORMAL
2189,NORMAL
2190,NORMAL
2191,NORMAL
2192,NORMAL
2193,NORMAL
2194,NORMAL
2195,NORMAL
2196,NORMAL
2197,NORMAL
2198,NORMAL
2199,NORMAL
2200,NORMAL
2201,NORMAL
2202,NORMAL
2203,NORMAL
2204,NORMAL
2205,NORMAL
2206,NORMAL
2207,NORMAL
2208,NORMAL
2209,NORMAL
2210,NORMAL
2211,NORMAL
2212,NORMAL
2213,NORMAL
2214,NORMAL
2215,NORMAL
2216,NORMAL
2217,NORMAL
2218,NORMAL
2219,NORMAL
2220,NORMAL
2221,NORMAL
2222,NORMAL
2223,NORMAL
2224,NORMAL
2225,NORMAL
2226,NORMAL
2227,NORMAL
2228,NORMAL
2229,NORMAL
2230,NORMAL
2231,NORMAL
2232,NORMAL
2233,NORMAL
2234,NORMAL
2235,NORMAL
2236,NORMAL
2237,NORMAL
2238,NORMAL
2239,NORMAL
2240,NORMAL
2241,NORMAL
2242,NORMAL
2243,NORMAL
2244,NORMAL
2245,NORMAL
2246,NORMAL
2247,NORMAL
2248,NORMAL
2249,NORMAL
2250,NORMAL
2251,NORMAL
2252,NORMAL
2253,NORMAL
2254,NORMAL
2255,NORMAL
2256,NORMAL
2257,NORMAL
2258,NORMAL
2259,NORMAL
2260,NORMAL
2261,NORMAL
2262,NORMAL
2263,NORMAL
2264,NORMAL
2265,NORMAL
2266,NORMAL
2267,NORMAL
2268,NORMAL
2269,NORMAL
2270,NORMAL
2271,NORMAL
2272,NORMAL
2273,NORMAL
2274,NORMAL
2275,NORMAL
2276,NORMAL
2277,NORMAL
2278,NORMAL
2279,NORMAL
2280,NORMAL
2281,NORMAL
2282,NORMAL
2283,NORMAL
2284,NORMAL
2285,NORMAL
2286,NORMAL
2287,NORMAL
2288,NORMAL
2289,NORMAL
2290,NORMAL
2291,NORMAL
2292,NORMAL
2293,NORMAL
2294,NORMAL
2295,NORMAL
2296,NORMAL
2297,NORMAL
2298,NORMAL
2299,NORMAL
2300,NORMAL
2301,NORMAL
2302,NORMAL
2303,NORMAL
2304,NORMAL
2305,NORMAL
2306,NORMAL
2307,NORMAL
2308,NORMAL
2309,NORMAL
2310,NORMAL
2311,NORMAL
2312,NORMAL
2313,NORMAL
2314,NORMAL
2315,NORMAL
2316,NORMAL
2317,NORMAL
2318,NORMAL
2319,NORMAL
2320,NORMAL
2321,NORMAL
2322,NORMAL
2323,NORMAL
2324,NORMAL
2325,NORMAL
2326,NORMAL
2327,NORMAL
2328,NORMAL
2329,NORMAL
2330,NORMAL
2331,NORMAL
2332,NORMAL
2333,NORMAL
2334,NORMAL
2335,NORMAL
2336,NORMAL
2337,NORMAL
2338,NORMAL
2339,NORMAL
2340,NORMAL
2341,NORMAL
2342,NORMAL
2343,NORMAL
2344,NORMAL
2345,NORMAL
2346,NORMAL
2347,NORMAL
2348,NORMAL
2349,NORMAL
2350,NORMAL
2351,NORMAL
2352,NORMAL
2353,NORMAL
2354,NORMAL
2355,NORMAL
2356,NORMAL
2357,NORMAL
2358,NORMAL
2359,NORMAL
2360,NORMAL
2361,NORMAL
2362,NORMAL
2363,NORMAL
2364,NORMAL
2365,NORMAL
2366,NORMAL
2367,NORMAL
2368,NORMAL
2369,NORMAL
2370,NORMAL
2371,NORMAL
2372,NORMAL
2373,NORMAL
2374,NORMAL
2375,NORMAL
2376,NORMAL
2377,NORMAL
2378,NORMAL
2379,NORMAL
2380,NORMAL
2381,NORMAL
2382,NORMAL
2383,NORMAL
2384,NORMAL
2385,NORMAL
2386,NORMAL
2387,NORMAL
2388,NORMAL
2389,NORMAL
2390,NORMAL
2391,NORMAL
2392,NORMAL
2393,NORMAL
2394,NORMAL
2395,NORMAL
2396,NORMAL
2397,NORMAL
2398,NORMAL
2399,NORMAL
2400,NORMAL
2401,NORMAL
2402,NORMAL
2403,NORMAL
2404,NORMAL
2405,NORMAL
2406,NORMAL
2407,NORMAL
2408,NORMAL
2409,NORMAL
2410,NORMAL
2411,NORMAL
2412,NORMAL
2413,NORMAL
2414,NORMAL
2415,NORMAL
2416,NORMAL
2417,NORMAL
2418,NORMAL
2419,NORMAL
2420,NORMAL
2421,NORMAL
2422,NORMAL
2423,NORMAL
2424,NORMAL
2425,NORMAL
2426,NORMAL
2427,NORMAL
2428,NORMAL
2429,NORMAL
2430,NORMAL
2431,NORMAL
2432,NORMAL
2433,NORMAL
2434,NORMAL
2435,NORMAL
2436,NORMAL
2437,NORMAL
2438,NORMAL
2439,NORMAL
2440,NORMAL
2441,NORMAL
2442,NORMAL
2443,NORMAL
2444,NORMAL
2445,NORMAL
2446,NORMAL
2447,NORMAL
2448,NORMAL
2449,NORMAL
2450,NORMAL
2451,NORMAL
2452,NORMAL
2453,NORMAL
2454,NORMAL
2455,NORMAL
2456,NORMAL
2457,NORMAL
2458,NORMAL
2459,NORMAL
2460,NORMAL
2461,NORMAL
2462,NORMAL
2463,NORMAL
2464,NORMAL
2465,NORMAL
2466,NORMAL
2467,NORMAL
2468,NORMAL
2469,NORMAL
2470,NORMAL
2471,NORMAL
2472,NORMAL
2473,NORMAL
2474,NORMAL
2475,NORMAL
2476,NORMAL
2477,NORMAL
2478,NORMAL
2479,NORMAL
2480,NORMAL
2481,NORMAL
2482,NORMAL
2483,NORMAL
2484,NORMAL
2485,NORMAL
2486,NORMAL
2487,NORMAL
2488,NORMAL
2489,NORMAL
2490,NORMAL
2491,NORMAL
2492,NORMAL
2493,NORMAL
2494,NORMAL
2495,NORMAL
2496,NORMAL
2497,NORMAL
2498,NORMAL
2499,NORMAL
2500,NORMAL
2501,NORMAL
2502,NORMAL
2503,NORMAL
2504,NORMAL
2505,NORMAL
2506,NORMAL
2507,NORMAL
2508,NORMAL
2509,NORMAL
2510,NORMAL
2511,NORMAL
2512,NORMAL
2513,NORMAL
2514,NORMAL
2515,NORMAL
2516,NORMAL
2517,NORMAL
2518,NORMAL
2519,NORMAL
2520,NORMAL
2521,NORMAL
2522,NORMAL
2523,NORMAL
2524,NORMAL
2525,NORMAL
2526,NORMAL
2527,NORMAL
2528,NORMAL
2529,NORMAL
2530,NORMAL
2531,NORMAL
2532,NORMAL
2533,NORMAL
2534,NORMAL
2535,NORMAL
2536,NORMAL
2537,NORMAL
2538,NORMAL
2539,NORMAL
2540,NORMAL
2541,NORMAL
2542,NORMAL
2543,NORMAL
2544,NORMAL
2545,NORMAL
2546,NORMAL
2547,NORMAL
2548,NORMAL
2549,NORMAL
2550,NORMAL
2551,NORMAL
2552,NORMAL
2553,NORMAL
2554,NORMAL
2555,NORMAL
2556,NORMAL
2557,NORMAL
2558,NORMAL
2559,NORMAL
2560,NORMAL
2561,NORMAL
2562,NORMAL
2563,NORMAL
2564,NORMAL
2565,NORMAL
2566,NORMAL
2567,NORMAL
2568,NORMAL
2569,NORMAL
2570,NORMAL
2571,NORMAL
2572,NORMAL
2573,NORMAL
2574,NORMAL
2575,NORMAL
2576,NORMAL
2577,NORMAL
2578,NORMAL
2579,NORMAL
2580,NORMAL
2581,NORMAL
2582,NORMAL
2583,NORMAL
2584,NORMAL
2585,NORMAL
2586,NORMAL
2587,NORMAL
2588,NORMAL
2589,NORMAL
2590,NORMAL
2591,NORMAL
2592,NORMAL
2593,NORMAL
2594,NORMAL
2595,NORMAL
2596,NORMAL
2597,NORMAL
2598,NORMAL
2599,NORMAL
2600,NORMAL
2601,NORMAL
2602,NORMAL
2603,NORMAL
2604,NORMAL
2605,NORMAL
2606,NORMAL
2607,NORMAL
2608,NORMAL
2609,NORMAL
2610,NORMAL
2611,NORMAL
2612,NORMAL
2613,NORMAL
2614,NORMAL
2615,NORMAL
2616,NORMAL
2617,NORMAL
2618,NORMAL
2619,NORMAL
2620,NORMAL
2621,NORMAL
2622,NORMAL
2623,NORMAL
2624,NORMAL
2625,NORMAL
2626,NORMAL
2627,NORMAL
2628,NORMAL
2629,NORMAL
2630,NORMAL
2631,NORMAL
2632,NORMAL
2633,NORMAL
2634,NORMAL
2635,NORMAL
2636,NORMAL
2637,NORMAL
2638,NORMAL
2639,NORMAL
2640,NORMAL
2641,NORMAL
2642,NORMAL
2643,NORMAL
2644,NORMAL
2645,NORMAL
2646,NORMAL
2647,NORMAL
2648,NORMAL
2649,NORMAL
2650,NORMAL
2651,NORMAL
2652,NORMAL
2653,NORMAL
2654,NORMAL
2655,NORMAL
2656,NORMAL
2657,NORMAL
2658,NORMAL
2659,NORMAL
2660,NORMAL
2661,NORMAL
2662,NORMAL
2663,NORMAL
2664,NORMAL
2665,NORMAL
2666,NORMAL
2667,NORMAL
2668,NORMAL
2669,NORMAL
2670,NORMAL
2671,NORMAL
2672,NORMAL
2673,NORMAL
2674,NORMAL
2675,NORMAL
2676,NORMAL
2677,NORMAL
2678,NORMAL
2679,NORMAL
2680,NORMAL
2681,NORMAL
2682,NORMAL
2683,NORMAL
2684,NORMAL
2685,NORMAL
2686,NORMAL
2687,NORMAL
2688,NORMAL
2689,NORMAL
2690,NORMAL
2691,NORMAL
2692,NORMAL
2693,NORMAL
2694,NORMAL
2695,NORMAL
2696,NORMAL
2697,NORMAL
2698,NORMAL
2699,NORMAL
2700,NORMAL
2701,NORMAL
2702,NORMAL
2703,NORMAL
2704,NORMAL
2705,NORMAL
2706,NORMAL
2707,NORMAL
2708,NORMAL
2709,NORMAL
2710,NORMAL
2711,NORMAL
2712,NORMAL
2713,NORMAL
2714,NORMAL
2715,NORMAL
2716,NORMAL
2717,NORMAL
2718,NORMAL
2719,NORMAL
2720,NORMAL
2721,NORMAL
2722,NORMAL
2723,NORMAL
2724,NORMAL
2725,NORMAL
2726,NORMAL
2727,NORMAL
2728,NORMAL
2729,NORMAL
2730,NORMAL
2731,NORMAL
2732,NORMAL
2733,NORMAL
2734,NORMAL
2735,NORMAL
2736,NORMAL
2737,NORMAL
2738,NORMAL
2739,NORMAL
2740,NORMAL
2741,NORMAL
2742,NORMAL
2743,NORMAL
2744,NORMAL
2745,NORMAL
2746,NORMAL
2747,NORMAL
2748,NORMAL
2749,NORMAL
2750,NORMAL
2751,NORMAL
2752,NORMAL
2753,NORMAL
2754,NORMAL
2755,NORMAL
2756,NORMAL
2757,NORMAL
2758,NORMAL
2759,NORMAL
2760,NORMAL
2761,NORMAL
2762,NORMAL
2763,NORMAL
2764,NORMAL
2765,NORMAL
2766,NORMAL
2767,NORMAL
2768,NORMAL
2769,NORMAL
2770,NORMAL
2771,NORMAL
2772,NORMAL
2773,NORMAL
2774,NORMAL
2775,NORMAL
2776,NORMAL
2777,NORMAL
2778,NORMAL
2779,NORMAL
2780,NORMAL
2781,NORMAL
2782,NORMAL
2783,NORMAL
2784,NORMAL
2785,NORMAL
2786,NORMAL
2787,NORMAL
2788,NORMAL
2789,NORMAL
2790,NORMAL
2791,NORMAL
2792,NORMAL
2793,NORMAL
2794,NORMAL
2795,NORMAL
2796,NORMAL
2797,NORMAL
2798,NORMAL
2799,NORMAL
2800,NORMAL
2801,NORMAL
2802,NORMAL
2803,NORMAL
2804,NORMAL
2805,NORMAL
2806,NORMAL
2807,NORMAL
2808,NORMAL
2809,NORMAL
2810,NORMAL
2811,NORMAL
2812,NORMAL
2813,NORMAL
2814,NORMAL
2815,NORMAL
2816,NORMAL
2817,NORMAL
2818,NORMAL
2819,NORMAL
2820,NORMAL
2821,NORMAL
2822,NORMAL
2823,NORMAL
2824,NORMAL
2825,NORMAL
2826,NORMAL
2827,NORMAL
2828,NORMAL
2829,NORMAL
2830,NORMAL
2831,NORMAL
2832,NORMAL
2833,NORMAL
2834,NORMAL
2835,NORMAL
2836,NORMAL
2837,NORMAL
2838,NORMAL
2839,NORMAL
2840,NORMAL
2841,NORMAL
2842,NORMAL
2843,NORMAL
2844,NORMAL
2845,NORMAL
2846,NORMAL
2847,NORMAL
2848,NORMAL
2849,NORMAL
2850,NORMAL
2851,NORMAL
2852,NORMAL
2853,NORMAL
2854,NORMAL
2855,NORMAL
2856,NORMAL
2857,NORMAL
2858,NORMAL
2859,NORMAL
2860,NORMAL
2861,NORMAL
2862,NORMAL
2863,NORMAL
2864,NORMAL
2865,NORMAL
2866,NORMAL
2867,NORMAL
2868,NORMAL
2869,NORMAL
2870,NORMAL
2871,NORMAL
2872,NORMAL
2873,NORMAL
2874,NORMAL
2875,NORMAL
2876,NORMAL
2877,NORMAL
2878,NORMAL
2879,NORMAL
2880,NORMAL
2881,NORMAL
2882,NORMAL
2883,NORMAL
2884,NORMAL
2885,NORMAL
2886,NORMAL
2887,NORMAL
2888,NORMAL
2889,NORMAL
2890,NORMAL
2891,NORMAL
2892,NORMAL
2893,NORMAL
2894,NORMAL
2895,NORMAL
2896,NORMAL
2897,NORMAL
2898,NORMAL
2899,NORMAL
2900,NORMAL
2901,NORMAL
2902,NORMAL
2903,NORMAL
2904,NORMAL
2905,NORMAL
2906,NORMAL
2907,NORMAL
2908,NORMAL
2909,NORMAL
2910,NORMAL
2911,NORMAL
2912,NORMAL
2913,NORMAL
2914,NORMAL
2915,NORMAL
2916,NORMAL
2917,NORMAL
2918,NORMAL
2919,NORMAL
2920,NORMAL
2921,NORMAL
2922,NORMAL
2923,NORMAL
2924,NORMAL
2925,NORMAL
2926,NORMAL
2927,NORMAL
2928,NORMAL
2929,NORMAL
2930,NORMAL
2931,NORMAL
2932,NORMAL
2933,NORMAL
2934,NORMAL
2935,NORMAL
2936,NORMAL
2937,NORMAL
2938,NORMAL
2939,NORMAL
2940,NORMAL
2941,NORMAL
2942,NORMAL
2943,NORMAL
2944,NORMAL
2945,NORMAL
2946,NORMAL
2947,NORMAL
2948,NORMAL
2949,NORMAL
2950,NORMAL
2951,NORMAL
2952,NORMAL
2953,NORMAL
2954,NORMAL
2955,NORMAL
2956,NORMAL
2957,NORMAL
2958,NORMAL
2959,NORMAL
2960,NORMAL
2961,NORMAL
2962,NORMAL
2963,NORMAL
2964,NORMAL
2965,NORMAL
2966,NORMAL
2967,NORMAL
2968,NORMAL
2969,NORMAL
2970,NORMAL
2971,NORMAL
2972,NORMAL
2973,NORMAL
2974,NORMAL
2975,NORMAL
2976,NORMAL
2977,NORMAL
2978,NORMAL
2979,NORMAL
2980,NORMAL
2981,NORMAL
2982,NORMAL
2983,NORMAL
2984,NORMAL
2985,NORMAL
2986,NORMAL
2987,NORMAL
2988,NORMAL
2989,NORMAL
2990,NORMAL
2991,NORMAL
2992,NORMAL
2993,NORMAL
2994,NORMAL
2995,NORMAL
2996,NORMAL
2997,NORMAL
2998,NORMAL
2999,NORMAL
3000,NORMAL
3001,NORMAL
3002,NORMAL
3003,NORMAL
3004,NORMAL
3005,NORMAL
3006,NORMAL
3007,NORMAL
3008,NORMAL
3009,NORMAL
3010,NORMAL
3011,NORMAL
3012,NORMAL
3013,NORMAL
3014,NORMAL
3015,NORMAL
3016,NORMAL
3017,NORMAL
3018,NORMAL
3019,NORMAL
3020,NORMAL
3021,NORMAL
3022,NORMAL
3023,NORMAL
3024,NORMAL
3025,NORMAL
3026,NORMAL
3027,NORMAL
3028,NORMAL
3029,NORMAL
3030,NORMAL
3031,NORMAL
3032,NORMAL
3033,NORMAL
3034,NORMAL
3035,NORMAL
3036,NORMAL
3037,NORMAL
3038,NORMAL
3039,NORMAL
3040,NORMAL
3041,NORMAL
3042,NORMAL
3043,NORMAL
3044,NORMAL
3045,NORMAL
3046,NORMAL
3047,NORMAL
3048,NORMAL
3049,NORMAL
3050,NORMAL
3051,NORMAL
3052,NORMAL
3053,NORMAL
3054,NORMAL
3055,NORMAL
3056,NORMAL
3057,NORMAL
3058,NORMAL
3059,NORMAL
3060,NORMAL
3061,NORMAL
3062,NORMAL
3063,NORMAL
3064,NORMAL
3065,NORMAL
3066,NORMAL
3067,NORMAL
3068,NORMAL
3069,NORMAL
3070,NORMAL
3071,NORMAL
3072,NORMAL
3073,NORMAL
3074,NORMAL
3075,NORMAL
3076,NORMAL
3077,NORMAL
3078,NORMAL
3079,NORMAL
3080,NORMAL
3081,NORMAL
3082,NORMAL
3083,NORMAL
